\\\/default\\\.aspx\\\?menu=[0-9]+&id=27$,/bok/julie-og-sofia/
\\\/default\\\.aspx\\\?menu=[0-9]+&id=28$,/bok/julie-er-forelsket/
\\\/default\\\.aspx\\\?menu=[0-9]+&id=29$,/bok/asylsoeker/
\\\/default\\\.aspx\\\?menu=[0-9]+&id=30$,/bok/serier-som-vil-deg-vel/
\\\/default\\\.aspx\\\?menu=[0-9]+&id=31$,/bok/bli-kjent-med-barnehage-helsestasjon-tannlege-legevakt/
\\\/default\\\.aspx\\\?menu=[0-9]+&id=32$,/bok/min-far-falo/
\\\/default\\\.aspx\\\?menu=[0-9]+&id=33$,/bok/vis-meg-hvordan/
\\\/default\\\.aspx\\\?menu=[0-9]+&id=34$,/bok/velkommen-inn/
\\\/default\\\.aspx\\\?menu=[0-9]+&id=35$,/bok/norske-blinkskudd/
\\\/default\\\.aspx\\\?menu=[0-9]+&id=37$,/bok/fluefiskerens-felthaandbok/
\\\/default\\\.aspx\\\?menu=[0-9]+&id=38$,/bok/bilen-vaar-nostalgi-paa-fire-hjul/
\\\/default\\\.aspx\\\?menu=[0-9]+&id=39$,/bok/skynd-deg-aa-elske/
\\\/default\\\.aspx\\\?menu=[0-9]+&id=49$,/bok/norske-sjoefolk/
\\\/default\\\.aspx\\\?menu=[0-9]+&id=50$,/bok/god-skitur-ski-smoering-og-teknikker/
\\\/default\\\.aspx\\\?menu=[0-9]+&id=51$,/bok/den-vanvittige/
\\\/default\\\.aspx\\\?menu=[0-9]+&id=52$,/bok/mens-blücher-sank/
\\\/default\\\.aspx\\\?menu=[0-9]+&id=53$,/bok/spor-snoe/
\\\/default\\\.aspx\\\?menu=[0-9]+&id=54$,/bok/flammekaster/
\\\/default\\\.aspx\\\?menu=[0-9]+&id=55$,/bok/tyl/
\\\/default\\\.aspx\\\?menu=[0-9]+&id=56$,/bok/alt-det-som-er/
\\\/default\\\.aspx\\\?menu=[0-9]+&id=57$,/bok/levende-vips-doed/
\\\/default\\\.aspx\\\?menu=[0-9]+&id=58$,/bok/noe-som-hjelper/
\\\/default\\\.aspx\\\?menu=[0-9]+&id=59$,/bok/hva-er-det-med-mor/
\\\/default\\\.aspx\\\?menu=[0-9]+&id=60$,/bok/du-kan-ikke-svikte-din-beste-venn-og-bli-god-til-aa-synge-samtidig/
\\\/default\\\.aspx\\\?menu=[0-9]+&id=61$,/bok/burnout/
\\\/default\\\.aspx\\\?menu=[0-9]+&id=62$,/bok/alle-forteller-meg-hvor-bra-jeg-er-i-tilfelle-jeg-blir-det/
\\\/default\\\.aspx\\\?menu=[0-9]+&id=63$,/bok/voksne-dikt/
\\\/default\\\.aspx\\\?menu=[0-9]+&id=64$,/bok/shortsen-til-far-min/
\\\/default\\\.aspx\\\?menu=[0-9]+&id=65$,/bok/vekten-av-snoekrystaller/
\\\/default\\\.aspx\\\?menu=[0-9]+&id=66$,/bok/hannu-hannu/
\\\/default\\\.aspx\\\?menu=[0-9]+&id=67$,/bok/fredlaus/
\\\/default\\\.aspx\\\?menu=[0-9]+&id=68$,/bok/stille-dager-i-mixing-part/
\\\/default\\\.aspx\\\?menu=[0-9]+&id=69$,/bok/ungkarsfestivalen/
\\\/default\\\.aspx\\\?menu=[0-9]+&id=70$,/bok/trist-som-faen/
\\\/default\\\.aspx\\\?menu=[0-9]+&id=72$,/bok/drapet-paa-aurora-lindkvist/
\\\/default\\\.aspx\\\?menu=[0-9]+&id=73$,/bok/postkontoret/
\\\/default\\\.aspx\\\?menu=[0-9]+&id=74$,/bok/nasjonaldagen/
\\\/default\\\.aspx\\\?menu=[0-9]+&id=75$,/bok/elskede-poona/
\\\/default\\\.aspx\\\?menu=[0-9]+&id=76$,/bok/bare-mjuke-pakker-under-treet/
\\\/default\\\.aspx\\\?menu=[0-9]+&id=77$,/bok/gravenstein/
\\\/default\\\.aspx\\\?menu=[0-9]+&id=78$,/bok/en-kassadames-betroelser/
\\\/default\\\.aspx\\\?menu=[0-9]+&id=79$,/bok/i-dag-er-ein-fin-dag/
\\\/default\\\.aspx\\\?menu=[0-9]+&id=80$,/bok/eg-elska-ho/
\\\/default\\\.aspx\\\?menu=[0-9]+&id=81$,/bok/det-nalda-sa/
\\\/default\\\.aspx\\\?menu=[0-9]+&id=82$,/bok/en-rekke-avbrutte-forsoek/
\\\/default\\\.aspx\\\?menu=[0-9]+&id=83$,/bok/lyden-av-de-andre-som-bor-her/
\\\/default\\\.aspx\\\?menu=[0-9]+&id=84$,/bok/herman/
\\\/default\\\.aspx\\\?menu=[0-9]+&id=85$,/bok/gutten-som-ville-vaere-en-av-gutta/
\\\/default\\\.aspx\\\?menu=[0-9]+&id=86$,/bok/26-november-fire-fortellinger-fra-det-norske-holocaust/
\\\/default\\\.aspx\\\?menu=[0-9]+&id=87$,/bok/laika/
\\\/default\\\.aspx\\\?menu=[0-9]+&id=88$,/bok/jeg-satte-mitt-haap-til-verden/
\\\/default\\\.aspx\\\?menu=[0-9]+&id=89$,/bok/alltid-beredt-til-aa-doe-for-mitt-barn/
\\\/default\\\.aspx\\\?menu=[0-9]+&id=90$,/bok/máilmmi-jálumus-mánná/
\\\/default\\\.aspx\\\?menu=[0-9]+&id=91$,/bok/bilder-av-folk/
\\\/default\\\.aspx\\\?menu=[0-9]+&id=92$,/bok/hiv-mannskjiten/
\\\/default\\\.aspx\\\?menu=[0-9]+&id=93$,/bok/han-vet-om-noe-hun-kan-proeve/
\\\/default\\\.aspx\\\?menu=[0-9]+&id=94$,/bok/pakkis/
\\\/default\\\.aspx\\\?menu=[0-9]+&id=95$,/bok/den-merkelige-hendelsen-med-hunden-den-natten/
\\\/default\\\.aspx\\\?menu=[0-9]+&id=96$,/bok/abc-i-integrering/
\\\/default\\\.aspx\\\?menu=[0-9]+&id=97$,/bok/sa-mor/
\\\/default\\\.aspx\\\?menu=[0-9]+&id=98$,/bok/charter-50-aar-til-syden/
\\\/default\\\.aspx\\\?menu=[0-9]+&id=99$,/bok/blaaveis/
\\\/default\\\.aspx\\\?menu=[0-9]+&id=100$,/bok/nmt-sangboka/
\\\/default\\\.aspx\\\?menu=[0-9]+&id=101$,/bok/paa-vegne-av-venner/
\\\/default\\\.aspx\\\?menu=[0-9]+&id=102$,/bok/fortellingen-om-aung-san-suu-kyi/
\\\/default\\\.aspx\\\?menu=[0-9]+&id=103$,/bok/fortellingen-om-liverpool/
\\\/default\\\.aspx\\\?menu=[0-9]+&id=104$,/bok/bliss-symbolspraak/
\\\/default\\\.aspx\\\?menu=[0-9]+&id=105$,/bok/kryssild/
\\\/default\\\.aspx\\\?menu=[0-9]+&id=106$,/bok/jeg-elsker-deg/
\\\/default\\\.aspx\\\?menu=[0-9]+&id=109$,/bok/paals-reise/
\\\/default\\\.aspx\\\?menu=[0-9]+&id=110$,/bok/kjenner-du-kjempen/
\\\/default\\\.aspx\\\?menu=[0-9]+&id=111$,/bok/eg-er-her/
\\\/default\\\.aspx\\\?menu=[0-9]+&id=113$,/bok/nordover-med-nansen-mot-nordpolen/
\\\/default\\\.aspx\\\?menu=[0-9]+&id=114$,/bok/hundrelappen/
\\\/default\\\.aspx\\\?menu=[0-9]+&id=116$,/bok/smaa-og-store-ting-som-du-kan-lage-selv/
\\\/default\\\.aspx\\\?menu=[0-9]+&id=118$,/bok/nemi-skumle-damen/
\\\/default\\\.aspx\\\?menu=[0-9]+&id=119$,/bok/ernie-de-beste-fra-1988-1992/
\\\/default\\\.aspx\\\?menu=[0-9]+&id=120$,/bok/toner-deg-i-moete-sanger-i-stor-skrift-ressursbok/
\\\/default\\\.aspx\\\?menu=[0-9]+&id=121$,/bok/toner-deg-i-moete-sanger-i-stor-skrift/
\\\/default\\\.aspx\\\?menu=[0-9]+&id=122$,/bok/piraten-isaac/
\\\/default\\\.aspx\\\?menu=[0-9]+&id=123$,/bok/mare-frigoris/
\\\/default\\\.aspx\\\?menu=[0-9]+&id=124$,/bok/barnesoldatene/
\\\/default\\\.aspx\\\?menu=[0-9]+&id=125$,/bok/redd/
\\\/default\\\.aspx\\\?menu=[0-9]+&id=126$,/bok/trekkspill-tvillingene-lydbok/
\\\/default\\\.aspx\\\?menu=[0-9]+&id=127$,/bok/ni-brev-til-advokaten-lydbok/
\\\/default\\\.aspx\\\?menu=[0-9]+&id=128$,/bok/emma3-og-torehund-lydbok/
\\\/default\\\.aspx\\\?menu=[0-9]+&id=129$,/bok/bare-en-siste-gang-lydbok/
\\\/default\\\.aspx\\\?menu=[0-9]+&id=130$,/bok/pass-deg-line/
\\\/default\\\.aspx\\\?menu=[0-9]+&id=131$,/bok/tanzania/
\\\/default\\\.aspx\\\?menu=[0-9]+&id=132$,/bok/kina/
\\\/default\\\.aspx\\\?menu=[0-9]+&id=133$,/bok/utsettelsen/
\\\/default\\\.aspx\\\?menu=[0-9]+&id=134$,/bok/india/
\\\/default\\\.aspx\\\?menu=[0-9]+&id=135$,/bok/det-store-spoersmaalet/
\\\/default\\\.aspx\\\?menu=[0-9]+&id=136$,/bok/eg-spoer-eg-toer/
\\\/default\\\.aspx\\\?menu=[0-9]+&id=137$,/bok/hoeyt-over-husene/
\\\/default\\\.aspx\\\?menu=[0-9]+&id=138$,/bok/simen-+-maanen/
\\\/default\\\.aspx\\\?menu=[0-9]+&id=139$,/bok/fire-noveller/
\\\/default\\\.aspx\\\?menu=[0-9]+&id=140$,/bok/fantasiblikket/
\\\/default\\\.aspx\\\?menu=[0-9]+&id=141$,/bok/dobbelt-mamma/
\\\/default\\\.aspx\\\?menu=[0-9]+&id=142$,/bok/fra-t-bane-til-lenestol/
\\\/default\\\.aspx\\\?menu=[0-9]+&id=143$,/bok/jenta-med-heilt-jamne-mjuke-augebryn/
\\\/default\\\.aspx\\\?menu=[0-9]+&id=144$,/bok/ankomsten/
\\\/default\\\.aspx\\\?menu=[0-9]+&id=145$,/bok/kasper-filmer/
\\\/default\\\.aspx\\\?menu=[0-9]+&id=146$,/bok/en-annerledes-dag/
\\\/default\\\.aspx\\\?menu=[0-9]+&id=147$,/bok/ille/
\\\/default\\\.aspx\\\?menu=[0-9]+&id=148$,/bok/blaafargen-som-verden-ville-ha/
\\\/default\\\.aspx\\\?menu=[0-9]+&id=149$,/bok/sorte-seil/
\\\/default\\\.aspx\\\?menu=[0-9]+&id=150$,/bok/sort-hull/
\\\/default\\\.aspx\\\?menu=[0-9]+&id=151$,/bok/reddhare/
\\\/default\\\.aspx\\\?menu=[0-9]+&id=153$,/bok/et-sugeroer-for-to/
\\\/default\\\.aspx\\\?menu=[0-9]+&id=154$,/bok/gode-naboer/
\\\/default\\\.aspx\\\?menu=[0-9]+&id=155$,/bok/blekkdrikkeren/
\\\/default\\\.aspx\\\?menu=[0-9]+&id=157$,/bok/90's-love-song/
\\\/default\\\.aspx\\\?menu=[0-9]+&id=159$,/bok/besoek-fra-det-ytre-rom/
\\\/default\\\.aspx\\\?menu=[0-9]+&id=161$,/bok/kasper-spiller-realt/
\\\/default\\\.aspx\\\?menu=[0-9]+&id=162$,/bok/kasper-tar-straffe/
\\\/default\\\.aspx\\\?menu=[0-9]+&id=163$,/bok/kasper-paa-proevetrening/
\\\/default\\\.aspx\\\?menu=[0-9]+&id=164$,/bok/den-usynlige-prinsen/
\\\/default\\\.aspx\\\?menu=[0-9]+&id=165$,/bok/gjengangeren/
\\\/default\\\.aspx\\\?menu=[0-9]+&id=166$,/bok/kaninar-og-kaninar/
\\\/default\\\.aspx\\\?menu=[0-9]+&id=167$,/bok/hardt-vaer/
\\\/default\\\.aspx\\\?menu=[0-9]+&id=168$,/bok/pondus-eliteserien-1/
\\\/default\\\.aspx\\\?menu=[0-9]+&id=169$,/bok/ingen-ild-tenner-stjernene/
\\\/default\\\.aspx\\\?menu=[0-9]+&id=170$,/bok/undersoekelse-og-behandling-av-kreft/
\\\/default\\\.aspx\\\?menu=[0-9]+&id=171$,/bok/undersoekelse-og-behandling-av-kreft-1/
\\\/default\\\.aspx\\\?menu=[0-9]+&id=172$,/bok/melkemysteriet/
\\\/default\\\.aspx\\\?menu=[0-9]+&id=173$,/bok/molly-paa-tegnspraak/
\\\/default\\\.aspx\\\?menu=[0-9]+&id=174$,/bok/bone-dragedreperen/
\\\/default\\\.aspx\\\?menu=[0-9]+&id=175$,/bok/oscar-mister-en-tann/
\\\/default\\\.aspx\\\?menu=[0-9]+&id=176$,/bok/tegn-til-tro-evangeliet-etter-lukas/
\\\/default\\\.aspx\\\?menu=[0-9]+&id=177$,/bok/hubert-i-musetroebbel/
\\\/default\\\.aspx\\\?menu=[0-9]+&id=178$,/bok/saa-kom-det-eit-kort/
\\\/default\\\.aspx\\\?menu=[0-9]+&id=179$,/bok/emaline-og-gaernemannen/
\\\/default\\\.aspx\\\?menu=[0-9]+&id=180$,/bok/emma3-og-torehund/
\\\/default\\\.aspx\\\?menu=[0-9]+&id=181$,/bok/en-bok-om-livet/
\\\/default\\\.aspx\\\?menu=[0-9]+&id=182$,/bok/jorda-rundt-paa-29-bokstaver/
\\\/default\\\.aspx\\\?menu=[0-9]+&id=183$,/bok/shhh/
\\\/default\\\.aspx\\\?menu=[0-9]+&id=185$,/bok/10-minutter-til-fastere-laar-og-en-litt-mer-spretten-rumpe/
\\\/default\\\.aspx\\\?menu=[0-9]+&id=186$,/bok/lese-eller-fiske/
\\\/default\\\.aspx\\\?menu=[0-9]+&id=187$,/bok/vers-paa-tvers/
\\\/default\\\.aspx\\\?menu=[0-9]+&id=188$,/bok/ávvudivttat/
\\\/default\\\.aspx\\\?menu=[0-9]+&id=189$,/bok/hilsen-til/
\\\/default\\\.aspx\\\?menu=[0-9]+&id=190$,/bok/heksagon-tryller-en-storm/
\\\/default\\\.aspx\\\?menu=[0-9]+&id=191$,/bok/ti-tanker-i-hue-og-ingen-paa-papiret/
\\\/default\\\.aspx\\\?menu=[0-9]+&id=192$,/bok/spurvegutten/
\\\/default\\\.aspx\\\?menu=[0-9]+&id=193$,/bok/metallet-som-forandret-verden/
\\\/default\\\.aspx\\\?menu=[0-9]+&id=194$,/bok/glad-i-deg/
\\\/default\\\.aspx\\\?menu=[0-9]+&id=195$,/bok/jeg-vil-alltid-elske-burma-cho-saint-tun-forteller/
\\\/default\\\.aspx\\\?menu=[0-9]+&id=196$,/bok/dager-jeg-har-glemt/
\\\/default\\\.aspx\\\?menu=[0-9]+&id=197$,/bok/sjenanse/
\\\/default\\\.aspx\\\?menu=[0-9]+&id=198$,/bok/forelskelse/
\\\/default\\\.aspx\\\?menu=[0-9]+&id=199$,/bok/trekkspill-tvillingene/
\\\/default\\\.aspx\\\?menu=[0-9]+&id=200$,/bok/bisk/
\\\/default\\\.aspx\\\?menu=[0-9]+&id=201$,/bok/vi-gir-oss-aldri/
\\\/default\\\.aspx\\\?menu=[0-9]+&id=202$,/bok/pondus-sju-lange-og-sju-breie/
\\\/default\\\.aspx\\\?menu=[0-9]+&id=203$,/bok/toget-en-reise-paa-skinner/
\\\/default\\\.aspx\\\?menu=[0-9]+&id=204$,/bok/rocky-bok-iii/
\\\/default\\\.aspx\\\?menu=[0-9]+&id=205$,/bok/dina-den-doeve-dinosauren/
\\\/default\\\.aspx\\\?menu=[0-9]+&id=206$,/bok/english-conversation/
\\\/default\\\.aspx\\\?menu=[0-9]+&id=207$,/bok/on-the-road-again-again/
\\\/default\\\.aspx\\\?menu=[0-9]+&id=209$,/bok/skugge-under-groenskarvet/
\\\/default\\\.aspx\\\?menu=[0-9]+&id=210$,/bok/fotball/
\\\/default\\\.aspx\\\?menu=[0-9]+&id=211$,/bok/kylling-med-svisker/
\\\/default\\\.aspx\\\?menu=[0-9]+&id=213$,/bok/den-arktiske-droemmen/
\\\/default\\\.aspx\\\?menu=[0-9]+&id=214$,/bok/heksagon-tryller-en-storm-1/
\\\/default\\\.aspx\\\?menu=[0-9]+&id=215$,/bok/evangeliet-etter-johannes/
\\\/default\\\.aspx\\\?menu=[0-9]+&id=216$,/bok/salmenes-bok/
\\\/default\\\.aspx\\\?menu=[0-9]+&id=217$,/bok/evangeliet-etter-lukas/
\\\/default\\\.aspx\\\?menu=[0-9]+&id=218$,/bok/evangeliet-etter-matteus/
\\\/default\\\.aspx\\\?menu=[0-9]+&id=219$,/bok/tepper/
\\\/default\\\.aspx\\\?menu=[0-9]+&id=220$,/bok/kino/
\\\/default\\\.aspx\\\?menu=[0-9]+&id=221$,/bok/hemmeleg/
\\\/default\\\.aspx\\\?menu=[0-9]+&id=222$,/bok/maria-og-josè/
\\\/default\\\.aspx\\\?menu=[0-9]+&id=223$,/bok/bone-den-mystiske-dalen/
\\\/default\\\.aspx\\\?menu=[0-9]+&id=224$,/bok/10-minutter-til-en-sterkere-rygg-og-litt-flatere-mage/
\\\/default\\\.aspx\\\?menu=[0-9]+&id=225$,/bok/lucky-luke/
\\\/default\\\.aspx\\\?menu=[0-9]+&id=226$,/bok/horton-klekker-ut-et-egg/
\\\/default\\\.aspx\\\?menu=[0-9]+&id=227$,/bok/kall-meg-onkel-alf/
\\\/default\\\.aspx\\\?menu=[0-9]+&id=228$,/bok/den-lille-larven-aldrimett/
\\\/default\\\.aspx\\\?menu=[0-9]+&id=229$,/bok/legg-cricket-paa-is/
\\\/default\\\.aspx\\\?menu=[0-9]+&id=230$,/bok/naar-to-er-sinte-paa-hverandre/
\\\/default\\\.aspx\\\?menu=[0-9]+&id=231$,/bok/sov-godt-pus/
\\\/default\\\.aspx\\\?menu=[0-9]+&id=232$,/bok/10-minutter-til-en-sprekere-kropp/
\\\/default\\\.aspx\\\?menu=[0-9]+&id=233$,/bok/jeg-drepte-hitler/
\\\/default\\\.aspx\\\?menu=[0-9]+&id=234$,/bok/40-postkort/
\\\/default\\\.aspx\\\?menu=[0-9]+&id=235$,/bok/rabbel-nummer-1-5/
\\\/default\\\.aspx\\\?menu=[0-9]+&id=236$,/bok/palle-puddel-kjoeper-olabukser/
\\\/default\\\.aspx\\\?menu=[0-9]+&id=237$,/bok/dette-med-andreas/
\\\/default\\\.aspx\\\?menu=[0-9]+&id=238$,/bok/28-rom-og-kjoekken/
\\\/default\\\.aspx\\\?menu=[0-9]+&id=239$,/bok/sjokolade/
\\\/default\\\.aspx\\\?menu=[0-9]+&id=240$,/bok/sjokolade-1/
\\\/default\\\.aspx\\\?menu=[0-9]+&id=241$,/bok/med-haanden-paa-hjertet-125-fakta-fra-verden/
\\\/default\\\.aspx\\\?menu=[0-9]+&id=242$,/bok/bortenfor-boekene/
\\\/default\\\.aspx\\\?menu=[0-9]+&id=243$,/bok/hitler-jesus-og-farfar/
\\\/default\\\.aspx\\\?menu=[0-9]+&id=244$,/bok/kom-saa-loeper-vi/
\\\/default\\\.aspx\\\?menu=[0-9]+&id=245$,/bok/still-deg-i-koe/
\\\/default\\\.aspx\\\?menu=[0-9]+&id=246$,/bok/klikk/
\\\/default\\\.aspx\\\?menu=[0-9]+&id=247$,/bok/den-gongen-eg-liksom-doeydde/
\\\/default\\\.aspx\\\?menu=[0-9]+&id=249$,/bok/doed-og-levende/
\\\/default\\\.aspx\\\?menu=[0-9]+&id=250$,/bok/palle-puddel-staar-opp/
\\\/default\\\.aspx\\\?menu=[0-9]+&id=251$,/bok/smoothies/
\\\/default\\\.aspx\\\?menu=[0-9]+&id=252$,/bok/5-ballongbra-bursdagshistorier/
\\\/default\\\.aspx\\\?menu=[0-9]+&id=253$,/bok/trusesangeren/
\\\/default\\\.aspx\\\?menu=[0-9]+&id=254$,/bok/sau-i-sentrum/
\\\/default\\\.aspx\\\?menu=[0-9]+&id=255$,/bok/laer-aa-telle-fra-1-til-10/
\\\/default\\\.aspx\\\?menu=[0-9]+&id=256$,/bok/sirius-i-barnehagen/
\\\/default\\\.aspx\\\?menu=[0-9]+&id=257$,/bok/den-foerste-boken-om-sirius/
\\\/default\\\.aspx\\\?menu=[0-9]+&id=258$,/bok/froeken-livredd-og-kjaerligheten/
\\\/default\\\.aspx\\\?menu=[0-9]+&id=259$,/bok/máilmmi-láikkimus-olmmos/
\\\/default\\\.aspx\\\?menu=[0-9]+&id=260$,/bok/flaskekongen/
\\\/default\\\.aspx\\\?menu=[0-9]+&id=261$,/bok/la-hendene-snakke/
\\\/default\\\.aspx\\\?menu=[0-9]+&id=262$,/bok/laant-tid/
\\\/default\\\.aspx\\\?menu=[0-9]+&id=263$,/bok/kjip-skrens/
\\\/default\\\.aspx\\\?menu=[0-9]+&id=264$,/bok/mina-og-kaare/
\\\/default\\\.aspx\\\?menu=[0-9]+&id=265$,/bok/ikke-gi-opp-haapet-werner/
\\\/default\\\.aspx\\\?menu=[0-9]+&id=266$,/bok/perler-for-svin/
\\\/default\\\.aspx\\\?menu=[0-9]+&id=267$,/bok/froeken-makeloes-og-karrieren/
\\\/default\\\.aspx\\\?menu=[0-9]+&id=268$,/bok/baller-av-staal-hjerte-av-gull/
\\\/default\\\.aspx\\\?menu=[0-9]+&id=269$,/bok/komme-og-gaa/
\\\/default\\\.aspx\\\?menu=[0-9]+&id=270$,/bok/babybekjennelser/
\\\/default\\\.aspx\\\?menu=[0-9]+&id=271$,/bok/heksagon-og-padde-boboz/
\\\/default\\\.aspx\\\?menu=[0-9]+&id=272$,/bok/sjoeroevarar/
\\\/default\\\.aspx\\\?menu=[0-9]+&id=273$,/bok/kina-1/
\\\/default\\\.aspx\\\?menu=[0-9]+&id=274$,/bok/india-1/
\\\/default\\\.aspx\\\?menu=[0-9]+&id=275$,/bok/tanzania-1/
\\\/default\\\.aspx\\\?menu=[0-9]+&id=276$,/bok/droemmen-om-amerika/
\\\/default\\\.aspx\\\?menu=[0-9]+&id=277$,/bok/hannah-snell-kvinne-soldat-legende/
\\\/default\\\.aspx\\\?menu=[0-9]+&id=278$,/bok/heksagon-og-padde-boboz-1/
\\\/default\\\.aspx\\\?menu=[0-9]+&id=279$,/bok/mor-betaler/
\\\/default\\\.aspx\\\?menu=[0-9]+&id=280$,/bok/den-aller-siste-mohikaner/
\\\/default\\\.aspx\\\?menu=[0-9]+&id=281$,/bok/brevet/
\\\/default\\\.aspx\\\?menu=[0-9]+&id=282$,/bok/reis/
\\\/default\\\.aspx\\\?menu=[0-9]+&id=283$,/bok/ni-brev-til-advokaten/
\\\/default\\\.aspx\\\?menu=[0-9]+&id=284$,/bok/eddie-bolander-jeg/
\\\/default\\\.aspx\\\?menu=[0-9]+&id=285$,/bok/du-er-vel-vakker/
\\\/default\\\.aspx\\\?menu=[0-9]+&id=286$,/bok/flyktning-i-norge-to-kvinner-forteller/
\\\/default\\\.aspx\\\?menu=[0-9]+&id=287$,/bok/gutta-boys-hardt-vaer/
\\\/default\\\.aspx\\\?menu=[0-9]+&id=288$,/bok/gutta-boys-hoeyt-spill/
\\\/default\\\.aspx\\\?menu=[0-9]+&id=289$,/bok/gutta-boys-full-krig/
\\\/default\\\.aspx\\\?menu=[0-9]+&id=290$,/bok/bli-sammen/
\\\/default\\\.aspx\\\?menu=[0-9]+&id=291$,/bok/ingentings-gave/
\\\/default\\\.aspx\\\?menu=[0-9]+&id=292$,/bok/i-satans-tid/
\\\/default\\\.aspx\\\?menu=[0-9]+&id=293$,/bok/dyr-og-fugler-i-fjellet/
\\\/default\\\.aspx\\\?menu=[0-9]+&id=294$,/bok/alt-jeg-skriver-er-sant/
\\\/default\\\.aspx\\\?menu=[0-9]+&id=295$,/bok/oernerovet-paa-leka/
\\\/default\\\.aspx\\\?menu=[0-9]+&id=296$,/bok/for-en-neve-havre/
\\\/default\\\.aspx\\\?menu=[0-9]+&id=297$,/bok/grundig-om-gris/
\\\/default\\\.aspx\\\?menu=[0-9]+&id=298$,/bok/fokus-paa-ku/
\\\/default\\\.aspx\\\?menu=[0-9]+&id=299$,/bok/skoleklart/
\\\/default\\\.aspx\\\?menu=[0-9]+&id=300$,/bok/gutta-boys-det-store-smellet/
\\\/default\\\.aspx\\\?menu=[0-9]+&id=301$,/bok/ps-hils-morfar/
\\\/default\\\.aspx\\\?menu=[0-9]+&id=302$,/bok/saa-lenge-det-vara/
\\\/default\\\.aspx\\\?menu=[0-9]+&id=303$,/bok/i-stormen-skal-du-doe/
\\\/default\\\.aspx\\\?menu=[0-9]+&id=304$,/bok/blir-det-sol/
\\\/default\\\.aspx\\\?menu=[0-9]+&id=305$,/bok/5-herlige-hundehistorier/
\\\/default\\\.aspx\\\?menu=[0-9]+&id=306$,/bok/da-jeg-var-liten/
\\\/default\\\.aspx\\\?menu=[0-9]+&id=307$,/bok/dikt-vi-har-sammen/
\\\/default\\\.aspx\\\?menu=[0-9]+&id=308$,/bok/stroempedyret/
\\\/default\\\.aspx\\\?menu=[0-9]+&id=309$,/bok/hybelmat/
\\\/default\\\.aspx\\\?menu=[0-9]+&id=311$,/bok/5-heslige-heksehistorier/
\\\/default\\\.aspx\\\?menu=[0-9]+&id=312$,/bok/4-blaalysende-brannbilhistorier/
\\\/default\\\.aspx\\\?menu=[0-9]+&id=314$,/bok/rogers-filledokke/
\\\/default\\\.aspx\\\?menu=[0-9]+&id=315$,/bok/da-det-regnet-i-oslo/
\\\/default\\\.aspx\\\?menu=[0-9]+&id=316$,/bok/tegnjakten/
\\\/default\\\.aspx\\\?menu=[0-9]+&id=317$,/bok/min-venn-kong/
\\\/default\\\.aspx\\\?menu=[0-9]+&id=318$,/bok/tunnelkjoeraren/
\\\/default\\\.aspx\\\?menu=[0-9]+&id=319$,/bok/naivsuper/
\\\/default\\\.aspx\\\?menu=[0-9]+&id=320$,/bok/paal-og-ida-i-fritida/
\\\/default\\\.aspx\\\?menu=[0-9]+&id=322$,/bok/5-kule-klasseromshistorier/
\\\/default\\\.aspx\\\?menu=[0-9]+&id=323$,/bok/naerkamp/
\\\/default\\\.aspx\\\?menu=[0-9]+&id=324$,/bok/henrik-ibsen-gaaten-med-mange-svar/
\\\/default\\\.aspx\\\?menu=[0-9]+&id=325$,/bok/sigrid-undset/
\\\/default\\\.aspx\\\?menu=[0-9]+&id=326$,/bok/triks/
\\\/default\\\.aspx\\\?menu=[0-9]+&id=327$,/bok/liv/
\\\/default\\\.aspx\\\?menu=[0-9]+&id=328$,/bok/kvalross-i-bikini/
\\\/default\\\.aspx\\\?menu=[0-9]+&id=329$,/bok/interessert-eg/
\\\/default\\\.aspx\\\?menu=[0-9]+&id=330$,/bok/alle-dei-fine-jentene/
\\\/default\\\.aspx\\\?menu=[0-9]+&id=331$,/bok/sirius-i-farta/
\\\/default\\\.aspx\\\?menu=[0-9]+&id=332$,/bok/universet/
\\\/default\\\.aspx\\\?menu=[0-9]+&id=333$,/bok/dinosaurer/
\\\/default\\\.aspx\\\?menu=[0-9]+&id=334$,/bok/klart-vi-toer/
\\\/default\\\.aspx\\\?menu=[0-9]+&id=335$,/bok/klart-jeg-kan/
\\\/default\\\.aspx\\\?menu=[0-9]+&id=336$,/bok/i-trafikken-introduksjon-til-norsk-trafikk-for-voksne-innvandrere/
\\\/default\\\.aspx\\\?menu=[0-9]+&id=337$,/bok/sinne/
\\\/default\\\.aspx\\\?menu=[0-9]+&id=338$,/bok/hoeytfungerende-autisme-og-aspergers-syndrom/
\\\/default\\\.aspx\\\?menu=[0-9]+&id=342$,/bok/slik-kan-det-vaere-aa-ha-hoeytfungerende-autisme-og-asperger-syndrom/
\\\/default\\\.aspx\\\?menu=[0-9]+&id=346$,/bok/strutsefant/
\\\/default\\\.aspx\\\?menu=[0-9]+&id=347$,/bok/sjoeroevere/
\\\/default\\\.aspx\\\?menu=[0-9]+&id=348$,/bok/alf-proeysen/
\\\/default\\\.aspx\\\?menu=[0-9]+&id=349$,/bok/fortellingen-om-vaalerenga/
\\\/default\\\.aspx\\\?menu=[0-9]+&id=350$,/bok/ung/
\\\/default\\\.aspx\\\?menu=[0-9]+&id=351$,/bok/petter-paa-folkehoeyskolen/
\\\/default\\\.aspx\\\?menu=[0-9]+&id=352$,/bok/hubert-i-sydensnurr/
\\\/default\\\.aspx\\\?menu=[0-9]+&id=353$,/bok/hubert-blir-ikke-forelsket/
\\\/default\\\.aspx\\\?menu=[0-9]+&id=354$,/bok/hubert-i-vikarkaos/
\\\/default\\\.aspx\\\?menu=[0-9]+&id=355$,/bok/haien-angriper/
\\\/default\\\.aspx\\\?menu=[0-9]+&id=356$,/bok/maleren-odd-nerdrum/
\\\/default\\\.aspx\\\?menu=[0-9]+&id=357$,/bok/min-foerste-bok-om-selma-lagerlöf/
\\\/default\\\.aspx\\\?menu=[0-9]+&id=358$,/bok/regn/
\\\/default\\\.aspx\\\?menu=[0-9]+&id=359$,/bok/fortellingen-om-brann/
\\\/default\\\.aspx\\\?menu=[0-9]+&id=360$,/bok/nyveien/
\\\/default\\\.aspx\\\?menu=[0-9]+&id=361$,/bok/en-naken-mann/
\\\/default\\\.aspx\\\?menu=[0-9]+&id=362$,/bok/persepolis/
\\\/default\\\.aspx\\\?menu=[0-9]+&id=363$,/bok/veien-til-perdition/
\\\/default\\\.aspx\\\?menu=[0-9]+&id=364$,/bok/villas-vals/
\\\/default\\\.aspx\\\?menu=[0-9]+&id=365$,/bok/prisen-aa-betale/
\\\/default\\\.aspx\\\?menu=[0-9]+&id=366$,/bok/kjaerlighet-mot-stroemmen-skuespill/
\\\/default\\\.aspx\\\?menu=[0-9]+&id=367$,/bok/roede-loev-fra-laoying-i-kina/
\\\/default\\\.aspx\\\?menu=[0-9]+&id=368$,/bok/hogget-sprekken/
\\\/default\\\.aspx\\\?menu=[0-9]+&id=370$,/bok/fortvilet-kreps-'72/
\\\/default\\\.aspx\\\?menu=[0-9]+&id=371$,/bok/safari-i-afrika/
\\\/default\\\.aspx\\\?menu=[0-9]+&id=372$,/bok/greske-guder-og-helter/
\\\/default\\\.aspx\\\?menu=[0-9]+&id=373$,/bok/jakten-paa-det-roede-gull/
\\\/default\\\.aspx\\\?menu=[0-9]+&id=374$,/bok/kjaerlighet-mot-stroemmen-roman/
\\\/default\\\.aspx\\\?menu=[0-9]+&id=375$,/bok/den-lette-hageboka/
\\\/default\\\.aspx\\\?menu=[0-9]+&id=376$,/bok/julie-+-lita/
\\\/default\\\.aspx\\\?menu=[0-9]+&id=377$,/bok/den-foerste-turisten/
\\\/default\\\.aspx\\\?menu=[0-9]+&id=378$,/bok/rogers-filledokke-vil-ha-kake/
\\\/default\\\.aspx\\\?menu=[0-9]+&id=379$,/bok/hevnernes-hoest/
\\\/default\\\.aspx\\\?menu=[0-9]+&id=380$,/bok/moby-dick/
\\\/default\\\.aspx\\\?menu=[0-9]+&id=381$,/bok/saa-kom-englene/
\\\/default\\\.aspx\\\?menu=[0-9]+&id=382$,/bok/jenny-+-blaa/
\\\/default\\\.aspx\\\?menu=[0-9]+&id=383$,/bok/en-naken-mann-i-paris/
\\\/default\\\.aspx\\\?menu=[0-9]+&id=384$,/bok/villrosen/
\\\/default\\\.aspx\\\?menu=[0-9]+&id=385$,/bok/kysset-som-fikk-snoeen-til-aa-smelte/
\\\/default\\\.aspx\\\?menu=[0-9]+&id=386$,/bok/fotografens-doed/
\\\/default\\\.aspx\\\?menu=[0-9]+&id=387$,/bok/bjarne-elsker-katta-si/
\\\/default\\\.aspx\\\?menu=[0-9]+&id=388$,/bok/tone-vil-ha-venner/
\\\/default\\\.aspx\\\?menu=[0-9]+&id=389$,/bok/bare-en-siste-gang/
\\\/default\\\.aspx\\\?menu=[0-9]+&id=390$,/bok/rogers-filledokke-mister-alt/
\\\/default\\\.aspx\\\?menu=[0-9]+&id=391$,/bok/jeg-broet-med-nazismen/
\\\/default\\\.aspx\\\?menu=[0-9]+&id=392$,/bok/kjaerester/
\\\/default\\\.aspx\\\?menu=[0-9]+&id=393$,/bok/bjarne-elsker-katta-si-1/
\\\/default\\\.aspx\\\?menu=[0-9]+&id=394$,/bok/forstyrret-barn-forstyrret-liv/
\\\/default\\\.aspx\\\?menu=[0-9]+&id=396$,/bok/indianerne-i-standing-rock-haapets-reservat/
\\\/default\\\.aspx\\\?menu=[0-9]+&id=397$,/bok/eventyr-sagn-og-folkeviser-fra-mange-land/
\\\/default\\\.aspx\\\?menu=[0-9]+&id=398$,/bok/varg-veum-de-doedes-dal/
\\\/default\\\.aspx\\\?menu=[0-9]+&id=399$,/bok/danse-paa-teppet/
\\\/default\\\.aspx\\\?menu=[0-9]+&id=401$,/bok/pulp/
\\\/default\\\.aspx\\\?menu=[0-9]+&id=402$,/bok/noed/
\\\/default\\\.aspx\\\?menu=[0-9]+&id=403$,/bok/farmor-har-kabel-tv/
\\\/default\\\.aspx\\\?menu=[0-9]+&id=404$,/bok/soga-om-olav-sleggja/
\\\/default\\\.aspx\\\?menu=[0-9]+&id=407$,/bok/doboka/
\\\/default\\\.aspx\\\?menu=[0-9]+&id=409$,/bok/taynikma-tegneskole/
\\\/default\\\.aspx\\\?menu=[0-9]+&id=410$,/bok/ferie-med-anders/
\\\/default\\\.aspx\\\?menu=[0-9]+&id=411$,/bok/jeg-finner-ikke-ordene/
\\\/default\\\.aspx\\\?menu=[0-9]+&id=412$,/bok/flygende-tallerkener-og-smaa-groenne-menn-en-faktabok-om-ufoer/
\\\/default\\\.aspx\\\?menu=[0-9]+&id=413$,/bok/palle-puddel-koser-seg/
\\\/default\\\.aspx\\\?menu=[0-9]+&id=414$,/bok/dyr-i-drift/
\\\/default\\\.aspx\\\?menu=[0-9]+&id=416$,/bok/trygg-i-dag/
\\\/default\\\.aspx\\\?menu=[0-9]+&id=417$,/bok/heretter-foelger-jeg-deg-helt-hjem/
\\\/default\\\.aspx\\\?menu=[0-9]+&id=419$,/bok/tilbakeblikk-da-pakistanerne-kom-til-norge/
\\\/default\\\.aspx\\\?menu=[0-9]+&id=421$,/bok/fagprat/
\\\/default\\\.aspx\\\?menu=[0-9]+&id=422$,/bok/da-jeg-reddet-verden/
\\\/default\\\.aspx\\\?menu=[0-9]+&id=423$,/bok/med-stoev-paa-hjernen/
\\\/default\\\.aspx\\\?menu=[0-9]+&id=424$,/bok/foer-klokka-fire/
\\\/default\\\.aspx\\\?menu=[0-9]+&id=425$,/bok/som-om-ein-ny-dag-skal-komme/
\\\/default\\\.aspx\\\?menu=[0-9]+&id=426$,/bok/ho-som-ror/
\\\/default\\\.aspx\\\?menu=[0-9]+&id=427$,/bok/frostknuter/
\\\/default\\\.aspx\\\?menu=[0-9]+&id=428$,/bok/mor-mi-staar-i-glaset-lyriske-perler-for-svin/
\\\/default\\\.aspx\\\?menu=[0-9]+&id=429$,/bok/den-vanskelege-andreboka/
\\\/default\\\.aspx\\\?menu=[0-9]+&id=430$,/bok/35-kilo-med-haap/
\\\/default\\\.aspx\\\?menu=[0-9]+&id=431$,/bok/et-oeyeblikk-noen-tusen-aar/
\\\/default\\\.aspx\\\?menu=[0-9]+&id=433$,/bok/neon-furu/
\\\/default\\\.aspx\\\?menu=[0-9]+&id=434$,/bok/tyver-og-angivere/
\\\/default\\\.aspx\\\?menu=[0-9]+&id=435$,/bok/det-onde/
\\\/default\\\.aspx\\\?menu=[0-9]+&id=436$,/bok/dampyr-1-djevelens-soenn/
\\\/default\\\.aspx\\\?menu=[0-9]+&id=437$,/bok/andungen-og-jeg-torsdag/
\\\/default\\\.aspx\\\?menu=[0-9]+&id=438$,/bok/andungen-og-jeg-jul/
\\\/default\\\.aspx\\\?menu=[0-9]+&id=439$,/bok/hva-er-vitsen/
\\\/default\\\.aspx\\\?menu=[0-9]+&id=440$,/bok/to-erotiske-fortellinger/
\\\/default\\\.aspx\\\?menu=[0-9]+&id=441$,/bok/baobab/
\\\/default\\\.aspx\\\?menu=[0-9]+&id=442$,/bok/1964/
\\\/default\\\.aspx\\\?menu=[0-9]+&id=443$,/bok/aleksanders-dagbok/
\\\/default\\\.aspx\\\?menu=[0-9]+&id=444$,/bok/det-andre-blikket/
\\\/default\\\.aspx\\\?menu=[0-9]+&id=445$,/bok/alfred-samuel/
\\\/default\\\.aspx\\\?menu=[0-9]+&id=446$,/bok/siri-og-lammet/
\\\/default\\\.aspx\\\?menu=[0-9]+&id=447$,/bok/presangen/
\\\/default\\\.aspx\\\?menu=[0-9]+&id=448$,/bok/perlen/
\\\/default\\\.aspx\\\?menu=[0-9]+&id=449$,/bok/det-var-engang/
\\\/default\\\.aspx\\\?menu=[0-9]+&id=450$,/bok/god-dag-jeg-er-et-dikt/
\\\/default\\\.aspx\\\?menu=[0-9]+&id=451$,/bok/en-travel-herre/
\\\/default\\\.aspx\\\?menu=[0-9]+&id=452$,/bok/nyeng-forliser/
\\\/default\\\.aspx\\\?menu=[0-9]+&id=453$,/bok/nye-bestevenner/
\\\/default\\\.aspx\\\?menu=[0-9]+&id=454$,/bok/sur-eller-blid/
\\\/default\\\.aspx\\\?menu=[0-9]+&id=455$,/bok/blues/
\\\/default\\\.aspx\\\?menu=[0-9]+&id=456$,/bok/dikt-til-deg/
\\\/default\\\.aspx\\\?menu=[0-9]+&id=457$,/bok/stol-paa-meg-sa-stolen/
\\\/default\\\.aspx\\\?menu=[0-9]+&id=458$,/bok/aske-i-munnen-sand-i-skoa/
\\\/default\\\.aspx\\\?menu=[0-9]+&id=459$,/bok/lukten-av-propan-om-morgenen/
\\\/default\\\.aspx\\\?menu=[0-9]+&id=460$,/bok/jeg-vil-ha-pekebok-for-voksne/
\\\/default\\\.aspx\\\?menu=[0-9]+&id=461$,/bok/min-droem-om-frihet/
\\\/default\\\.aspx\\\?menu=[0-9]+&id=462$,/bok/vekevis/
\\\/default\\\.aspx\\\?menu=[0-9]+&id=463$,/bok/alt-kan-fikses/
\\\/default\\\.aspx\\\?menu=[0-9]+&id=464$,/bok/jeg-tor-aerlig/
\\\/default\\\.aspx\\\?menu=[0-9]+&id=465$,/bok/redlight-setesdal/
\\\/default\\\.aspx\\\?menu=[0-9]+&id=466$,/bok/gummidama/
\\\/default\\\.aspx\\\?menu=[0-9]+&id=467$,/bok/norsk-attraksjon/
\\\/default\\\.aspx\\\?menu=[0-9]+&id=468$,/bok/opp-i-roeyk/
\\\/default\\\.aspx\\\?menu=[0-9]+&id=469$,/bok/hjem-til-jul/
\\\/default\\\.aspx\\\?menu=[0-9]+&id=470$,/bok/souads-vesker/
\\\/default\\\.aspx\\\?menu=[0-9]+&id=471$,/bok/raina-paa-ridetur/
\\\/default\\\.aspx\\\?menu=[0-9]+&id=472$,/bok/bli-kjent-med-grunnskolen-videregaaende-skole-hoegskoleuniversitet-voksenopplaering/
\\\/default\\\.aspx\\\?menu=[0-9]+&id=473$,/bok/begripelig-om-adhd/
\\\/default\\\.aspx\\\?menu=[0-9]+&id=474$,/bok/rotekoppens-ryddebok/
\\\/default\\\.aspx\\\?menu=[0-9]+&id=475$,/bok/en-saakalt-drittjobb/
\\\/default\\\.aspx\\\?menu=[0-9]+&id=476$,/bok/eg-er-mamma-eg-skal-vaere-god/
\\\/default\\\.aspx\\\?menu=[0-9]+&id=477$,/bok/droemmen-om-europa-the-dream-of-europe/
\\\/default\\\.aspx\\\?menu=[0-9]+&id=478$,/bok/slam/
\\\/default\\\.aspx\\\?menu=[0-9]+&id=479$,/bok/ordknapp/
\\\/default\\\.aspx\\\?menu=[0-9]+&id=480$,/bok/mannen-og-datteren/
\\\/default\\\.aspx\\\?menu=[0-9]+&id=481$,/bok/songar/
\\\/default\\\.aspx\\\?menu=[0-9]+&id=482$,/bok/nyryddinga/
\\\/default\\\.aspx\\\?menu=[0-9]+&id=483$,/bok/johan/
\\\/default\\\.aspx\\\?menu=[0-9]+&id=484$,/bok/bitching-en-bok-om-jenter-og-mobbing/
\\\/default\\\.aspx\\\?menu=[0-9]+&id=485$,/bok/brakk/
\\\/default\\\.aspx\\\?menu=[0-9]+&id=486$,/bok/aarstidene/
\\\/default\\\.aspx\\\?menu=[0-9]+&id=487$,/bok/1905-duellen-paa-hesseloe/
\\\/default\\\.aspx\\\?menu=[0-9]+&id=488$,/bok/kjaere-kjaere-oluf/
\\\/default\\\.aspx\\\?menu=[0-9]+&id=489$,/bok/dei-likar-ikkje-grovisar-i-rotary/
\\\/default\\\.aspx\\\?menu=[0-9]+&id=490$,/bok/ho-peika-paa-ceylon-og-viste-ein-pupp/
\\\/default\\\.aspx\\\?menu=[0-9]+&id=491$,/bok/barselpermisjon-et-aar-med-muligheter/
\\\/default\\\.aspx\\\?menu=[0-9]+&id=492$,/bok/fristende-supper/
\\\/default\\\.aspx\\\?menu=[0-9]+&id=494$,/bok/leksehjelpen-matematikk-for-foreldre/
\\\/default\\\.aspx\\\?menu=[0-9]+&id=496$,/bok/duen-fra-bergen/
\\\/default\\\.aspx\\\?menu=[0-9]+&id=499$,/bok/mysteriet-i-nürnberg/
\\\/default\\\.aspx\\\?menu=[0-9]+&id=500$,/bok/ingen-kjenner-dagen-foer-solen-gaar-ned/
\\\/default\\\.aspx\\\?menu=[0-9]+&id=501$,/bok/tre-folkeeventyr/
\\\/default\\\.aspx\\\?menu=[0-9]+&id=504$,/bok/sitronlimonaden/
\\\/default\\\.aspx\\\?menu=[0-9]+&id=506$,/bok/brevet-fraa-havet/
\\\/default\\\.aspx\\\?menu=[0-9]+&id=507$,/bok/et-stort-oede-landskap/
\\\/default\\\.aspx\\\?menu=[0-9]+&id=508$,/bok/den-lille-roede-hoena-og-hvetekornene/
\\\/default\\\.aspx\\\?menu=[0-9]+&id=510$,/bok/taal-mine-tics-takk/
\\\/default\\\.aspx\\\?menu=[0-9]+&id=511$,/bok/jakob-og-neikob/
\\\/default\\\.aspx\\\?menu=[0-9]+&id=512$,/bok/spoekelseshuset/
\\\/default\\\.aspx\\\?menu=[0-9]+&id=513$,/bok/god-natt-albert-aaberg/
\\\/default\\\.aspx\\\?menu=[0-9]+&id=514$,/bok/den-forelska-frosken/
\\\/default\\\.aspx\\\?menu=[0-9]+&id=515$,/bok/hae/
\\\/default\\\.aspx\\\?menu=[0-9]+&id=517$,/bok/svart-fugl/
\\\/default\\\.aspx\\\?menu=[0-9]+&id=518$,/bok/dagene-styrter-avsted-som-ville-hester-over-alle-hauger/
\\\/default\\\.aspx\\\?menu=[0-9]+&id=519$,/bok/overleve-en-beretning-fra-kambodsjas-moerke-aar/
\\\/default\\\.aspx\\\?menu=[0-9]+&id=520$,/bok/den-virvlende-hijab/
\\\/default\\\.aspx\\\?menu=[0-9]+&id=521$,/bok/beowulf/
\\\/default\\\.aspx\\\?menu=[0-9]+&id=522$,/bok/fra-barn-til-ungdom-i-bilder-og-ord/
\\\/default\\\.aspx\\\?menu=[0-9]+&id=523$,/bok/saa-godt/
\\\/default\\\.aspx\\\?menu=[0-9]+&id=528$,/bok/vanaeret/
\\\/default\\\.aspx\\\?menu=[0-9]+&id=530$,/bok/kjaere-deg-min-kjaere/
\\\/default\\\.aspx\\\?menu=[0-9]+&id=531$,/bok/mamma-vet-ikke-hva-som-er-deilig/
\\\/default\\\.aspx\\\?menu=[0-9]+&id=532$,/bok/feit-mitt-liv-som-tjukkas/
\\\/default\\\.aspx\\\?menu=[0-9]+&id=533$,/bok/jeg-bor-rett-nede-i-gata/
\\\/default\\\.aspx\\\?menu=[0-9]+&id=534$,/bok/kaffe-karamell-og-vaniljesaus/
\\\/default\\\.aspx\\\?menu=[0-9]+&id=536$,/bok/blokk/
\\\/default\\\.aspx\\\?menu=[0-9]+&id=537$,/bok/stormkyss/
\\\/default\\\.aspx\\\?menu=[0-9]+&id=539$,/bok/julia-og-leon/
\\\/default\\\.aspx\\\?menu=[0-9]+&id=541$,/bok/kameliadamen/
\\\/default\\\.aspx\\\?menu=[0-9]+&id=542$,/bok/ulvehunden/
\\\/default\\\.aspx\\\?menu=[0-9]+&id=549$,/bok/ingen-skal-hoere-hvor-stille-det-er/
\\\/default\\\.aspx\\\?menu=[0-9]+&id=550$,/bok/med-egne-oeyne/
\\\/default\\\.aspx\\\?menu=[0-9]+&id=552$,/bok/orgien-og-andre-fortellinger/
\\\/default\\\.aspx\\\?menu=[0-9]+&id=554$,/bok/den-yngste/
\\\/default\\\.aspx\\\?menu=[0-9]+&id=555$,/bok/ivar-nimme/
\\\/default\\\.aspx\\\?menu=[0-9]+&id=556$,/bok/du-er-her-igjen-og-alt-er-forandra/
\\\/default\\\.aspx\\\?menu=[0-9]+&id=557$,/bok/erfaring-og-forsvinning/
\\\/default\\\.aspx\\\?menu=[0-9]+&id=558$,/bok/det-som-eingong-var/
\\\/default\\\.aspx\\\?menu=[0-9]+&id=560$,/bok/den-krokete-kanalen/
\\\/default\\\.aspx\\\?menu=[0-9]+&id=561$,/bok/zits-en-liten-bok-om-hormoner/
\\\/default\\\.aspx\\\?menu=[0-9]+&id=562$,/bok/varulvene-i-montpellier/
\\\/default\\\.aspx\\\?menu=[0-9]+&id=563$,/bok/jon-hjoernevik-samlar-seg-ti-tunge-aar-med-dikt-for-nasjonen/
\\\/default\\\.aspx\\\?menu=[0-9]+&id=564$,/bok/ord-for-hav/
\\\/default\\\.aspx\\\?menu=[0-9]+&id=565$,/bok/hijabhistorier/
\\\/default\\\.aspx\\\?menu=[0-9]+&id=566$,/bok/pondus-en-liten-bok-om-sjekking/
\\\/default\\\.aspx\\\?menu=[0-9]+&id=567$,/bok/doeden-i-baugen/
\\\/default\\\.aspx\\\?menu=[0-9]+&id=571$,/bok/kom-i-form-med-yngvar/
\\\/default\\\.aspx\\\?menu=[0-9]+&id=573$,/bok/meg-og-en-kritthvit-t-skjorte-uten-trykk-paa/
\\\/default\\\.aspx\\\?menu=[0-9]+&id=574$,/bok/vilja-og-bokstavene-som-kroeller-seg/
\\\/default\\\.aspx\\\?menu=[0-9]+&id=575$,/bok/det-er-en-bok/
\\\/default\\\.aspx\\\?menu=[0-9]+&id=576$,/bok/nattbordboka/
\\\/default\\\.aspx\\\?menu=[0-9]+&id=577$,/bok/freddy/
\\\/default\\\.aspx\\\?menu=[0-9]+&id=578$,/bok/stemmen-som-forsvant/
\\\/default\\\.aspx\\\?menu=[0-9]+&id=581$,/bok/nest-best/
\\\/default\\\.aspx\\\?menu=[0-9]+&id=582$,/bok/du-gaar-feil-vei/
\\\/default\\\.aspx\\\?menu=[0-9]+&id=583$,/bok/historien-om-en-mor/
\\\/default\\\.aspx\\\?menu=[0-9]+&id=584$,/bok/kors-paa-halsen-–-75-fakta-fra-hele-verden/
\\\/default\\\.aspx\\\?menu=[0-9]+&id=585$,/bok/nemi-enhjoerninger-og-avsagd-hagle-bok-1/
\\\/default\\\.aspx\\\?menu=[0-9]+&id=586$,/bok/olaf-g/
\\\/default\\\.aspx\\\?menu=[0-9]+&id=587$,/bok/saynab/
\\\/default\\\.aspx\\\?menu=[0-9]+&id=589$,/bok/den-store-ronny-haugland-boka/
\\\/default\\\.aspx\\\?menu=[0-9]+&id=590$,/bok/hemmeligheter-kan-vaere-farlige/
\\\/default\\\.aspx\\\?menu=[0-9]+&id=592$,/bok/si-meg-en-ting/
\\\/default\\\.aspx\\\?menu=[0-9]+&id=593$,/bok/du-er-ein-luring-finn-bjoelseth/
\\\/default\\\.aspx\\\?menu=[0-9]+&id=594$,/bok/grimsborken/
\\\/default\\\.aspx\\\?menu=[0-9]+&id=595$,/bok/kasper-og-pinneleken/
\\\/default\\\.aspx\\\?menu=[0-9]+&id=596$,/bok/kaare-kanin-og-hinderloeypa/
\\\/default\\\.aspx\\\?menu=[0-9]+&id=597$,/bok/soevn-og-doegnrytme/
\\\/default\\\.aspx\\\?menu=[0-9]+&id=598$,/bok/drillos-verdensatlas/
\\\/default\\\.aspx\\\?menu=[0-9]+&id=599$,/bok/johannes-jensen-opplever-et-mirakel/
\\\/default\\\.aspx\\\?menu=[0-9]+&id=600$,/bok/fakta-fra-verden-ti-kniver-i-hjertet/
\\\/default\\\.aspx\\\?menu=[0-9]+&id=601$,/bok/den-andre-mammaen/
\\\/default\\\.aspx\\\?menu=[0-9]+&id=602$,/bok/den-bortkomne-tingen/
\\\/default\\\.aspx\\\?menu=[0-9]+&id=603$,/bok/kurt-iv/
\\\/default\\\.aspx\\\?menu=[0-9]+&id=605$,/bok/sjef-i-eget-hus/
\\\/default\\\.aspx\\\?menu=[0-9]+&id=606$,/bok/sjalusi/
\\\/default\\\.aspx\\\?menu=[0-9]+&id=607$,/bok/blant-loever-i-afrika/
\\\/default\\\.aspx\\\?menu=[0-9]+&id=608$,/bok/broren/
\\\/default\\\.aspx\\\?menu=[0-9]+&id=609$,/bok/kurtby/
\\\/default\\\.aspx\\\?menu=[0-9]+&id=610$,/bok/toerst/
\\\/default\\\.aspx\\\?menu=[0-9]+&id=611$,/bok/talent-for-lykke/
\\\/default\\\.aspx\\\?menu=[0-9]+&id=613$,/bok/mannen/
\\\/default\\\.aspx\\\?menu=[0-9]+&id=614$,/bok/drageloeperen/
\\\/default\\\.aspx\\\?menu=[0-9]+&id=615$,/bok/snakketoeyet/
\\\/default\\\.aspx\\\?menu=[0-9]+&id=616$,/bok/bebe/
\\\/default\\\.aspx\\\?menu=[0-9]+&id=617$,/bok/psyko/
\\\/default\\\.aspx\\\?menu=[0-9]+&id=618$,/bok/gamer/
\\\/default\\\.aspx\\\?menu=[0-9]+&id=621$,/bok/det-roede-treet/
\\\/default\\\.aspx\\\?menu=[0-9]+&id=622$,/bok/kjerringrokk/
\\\/default\\\.aspx\\\?menu=[0-9]+&id=624$,/bok/camorraland/
\\\/default\\\.aspx\\\?menu=[0-9]+&id=625$,/bok/juletre-til-afrika/
\\\/default\\\.aspx\\\?menu=[0-9]+&id=626$,/bok/apefjes/
\\\/default\\\.aspx\\\?menu=[0-9]+&id=627$,/bok/fallteknikk/
\\\/default\\\.aspx\\\?menu=[0-9]+&id=628$,/bok/vivaldi/
\\\/default\\\.aspx\\\?menu=[0-9]+&id=629$,/bok/finne-deg-der-inne-og-hente-deg-ut/
\\\/default\\\.aspx\\\?menu=[0-9]+&id=630$,/bok/phenomena-azur-bok-1/
\\\/default\\\.aspx\\\?menu=[0-9]+&id=631$,/bok/fjorden/
\\\/default\\\.aspx\\\?menu=[0-9]+&id=632$,/bok/norsk-fotballhaar/
\\\/default\\\.aspx\\\?menu=[0-9]+&id=633$,/bok/ingen-som-roeyker-hopper-strikk/
\\\/default\\\.aspx\\\?menu=[0-9]+&id=634$,/bok/verdens-beste-pappa/
\\\/default\\\.aspx\\\?menu=[0-9]+&id=635$,/bok/etterpaa-varer-saa-lenge/
\\\/default\\\.aspx\\\?menu=[0-9]+&id=636$,/bok/phenomena-azur-bok-2/
\\\/default\\\.aspx\\\?menu=[0-9]+&id=637$,/bok/barndommens-leker/
\\\/default\\\.aspx\\\?menu=[0-9]+&id=638$,/bok/phenomena-azur-bok-3/
\\\/default\\\.aspx\\\?menu=[0-9]+&id=639$,/bok/the-hummingbird-bakery-kakedager/
\\\/default\\\.aspx\\\?menu=[0-9]+&id=640$,/bok/ketsjup-er-aalreit/
\\\/default\\\.aspx\\\?menu=[0-9]+&id=643$,/bok/the-tour-of-the-united-states-of-usa/
\\\/default\\\.aspx\\\?menu=[0-9]+&id=645$,/bok/sov-for-helvete/
\\\/default\\\.aspx\\\?menu=[0-9]+&id=648$,/bok/den-nye-julie/
\\\/default\\\.aspx\\\?menu=[0-9]+&id=652$,/bok/mat-paa-tur/
\\\/default\\\.aspx\\\?menu=[0-9]+&id=653$,/bok/generator/
\\\/default\\\.aspx\\\?menu=[0-9]+&id=654$,/bok/stuene-i-marka/
\\\/default\\\.aspx\\\?menu=[0-9]+&id=655$,/bok/respekt/
\\\/default\\\.aspx\\\?menu=[0-9]+&id=656$,/bok/aya-fra-yopougon/
\\\/default\\\.aspx\\\?menu=[0-9]+&id=657$,/bok/naturligvis-norske-interioerer/
\\\/default\\\.aspx\\\?menu=[0-9]+&id=658$,/bok/det-krokete-sporet/
\\\/default\\\.aspx\\\?menu=[0-9]+&id=659$,/bok/simons-katt-krysser-gjerdet/
\\\/default\\\.aspx\\\?menu=[0-9]+&id=660$,/bok/nyfoedte-foreldres-abc/
\\\/default\\\.aspx\\\?menu=[0-9]+&id=661$,/bok/simons-katt/
\\\/default\\\.aspx\\\?menu=[0-9]+&id=662$,/bok/det-foerste-steget-til-en-sprekere-kropp/
\\\/default\\\.aspx\\\?menu=[0-9]+&id=663$,/bok/broedre-i-blodet/
\\\/default\\\.aspx\\\?menu=[0-9]+&id=664$,/bok/det-skal-merkes-at-de-graater/
\\\/default\\\.aspx\\\?menu=[0-9]+&id=665$,/bok/hoesten/
\\\/default\\\.aspx\\\?menu=[0-9]+&id=666$,/bok/det-spoers/
\\\/default\\\.aspx\\\?menu=[0-9]+&id=667$,/bok/saiko/
\\\/default\\\.aspx\\\?menu=[0-9]+&id=668$,/bok/bandet-mitt-spiller-ikke-progrock/
\\\/default\\\.aspx\\\?menu=[0-9]+&id=669$,/bok/bergen-kirkenes-servert-paa-serviett/
\\\/default\\\.aspx\\\?menu=[0-9]+&id=670$,/bok/lune-masker-nostalgisk-smaastrikk/
\\\/default\\\.aspx\\\?menu=[0-9]+&id=671$,/bok/antarktis/
\\\/default\\\.aspx\\\?menu=[0-9]+&id=672$,/bok/doedsreisen/
\\\/default\\\.aspx\\\?menu=[0-9]+&id=673$,/bok/spoekelsene-paa-frostoey/
\\\/default\\\.aspx\\\?menu=[0-9]+&id=674$,/bok/tretten/
\\\/default\\\.aspx\\\?menu=[0-9]+&id=675$,/bok/jenta-som-lette-etter-stillhet/
\\\/default\\\.aspx\\\?menu=[0-9]+&id=676$,/bok/rent-–-saa-enkelt/
\\\/default\\\.aspx\\\?menu=[0-9]+&id=677$,/bok/sorg/
\\\/default\\\.aspx\\\?menu=[0-9]+&id=678$,/bok/engel-i-paris/
\\\/default\\\.aspx\\\?menu=[0-9]+&id=680$,/bok/zofies-verden-en-liten-bok-om-menn/
\\\/default\\\.aspx\\\?menu=[0-9]+&id=681$,/bok/din-vakre-jaevel/
\\\/default\\\.aspx\\\?menu=[0-9]+&id=682$,/bok/fortellingen-om-barcelona/
\\\/default\\\.aspx\\\?menu=[0-9]+&id=683$,/bok/hullet/
\\\/default\\\.aspx\\\?menu=[0-9]+&id=684$,/bok/hockeysveis-foerer-til-daarlige-rim/
\\\/default\\\.aspx\\\?menu=[0-9]+&id=685$,/bok/den-stoerste-form-har-ingen-kontur/
\\\/default\\\.aspx\\\?menu=[0-9]+&id=686$,/bok/pangea/
\\\/default\\\.aspx\\\?menu=[0-9]+&id=687$,/bok/máilmmi-árggimus-áhkku/
\\\/default\\\.aspx\\\?menu=[0-9]+&id=688$,/bok/tre-smaa-eventyr/
\\\/default\\\.aspx\\\?menu=[0-9]+&id=689$,/bok/noedinngang/
\\\/default\\\.aspx\\\?menu=[0-9]+&id=690$,/bok/det-fine-som-flyter-forbi/
\\\/default\\\.aspx\\\?menu=[0-9]+&id=691$,/bok/utvalgt/
\\\/default\\\.aspx\\\?menu=[0-9]+&id=692$,/bok/en-pingles-dagbok/
\\\/default\\\.aspx\\\?menu=[0-9]+&id=693$,/bok/duste-dagboka/
\\\/default\\\.aspx\\\?menu=[0-9]+&id=694$,/bok/uka-etter/
\\\/default\\\.aspx\\\?menu=[0-9]+&id=695$,/bok/neste-gang-blir-alt-riktig/
\\\/default\\\.aspx\\\?menu=[0-9]+&id=696$,/bok/iskremfabrikken/
\\\/default\\\.aspx\\\?menu=[0-9]+&id=697$,/bok/fast-jobb-abc/
\\\/default\\\.aspx\\\?menu=[0-9]+&id=698$,/bok/sy-om-med-jenny-skavlan/
\\\/default\\\.aspx\\\?menu=[0-9]+&id=699$,/bok/elefanten-i-rommet/
\\\/default\\\.aspx\\\?menu=[0-9]+&id=700$,/bok/kongen-din/
\\\/default\\\.aspx\\\?menu=[0-9]+&id=701$,/bok/rekrutten/
\\\/default\\\.aspx\\\?menu=[0-9]+&id=703$,/bok/da-jeg-doede-kampen-for-et-nytt-liv/
\\\/default\\\.aspx\\\?menu=[0-9]+&id=704$,/bok/storesoester-astrid/
\\\/default\\\.aspx\\\?menu=[0-9]+&id=705$,/bok/apefjes-2-ulvehjerte/
\\\/default\\\.aspx\\\?menu=[0-9]+&id=706$,/bok/jeg-er-stolt-av-deg/
\\\/default\\\.aspx\\\?menu=[0-9]+&id=707$,/bok/pauls-jul/
\\\/default\\\.aspx\\\?menu=[0-9]+&id=708$,/bok/blaa-blondie/
\\\/default\\\.aspx\\\?menu=[0-9]+&id=709$,/bok/noen-roper-navnet-mitt/
\\\/default\\\.aspx\\\?menu=[0-9]+&id=710$,/bok/den-hemmelege-vegen-til-maanen/
\\\/default\\\.aspx\\\?menu=[0-9]+&id=711$,/bok/de-100-000-doedes-oey/
\\\/default\\\.aspx\\\?menu=[0-9]+&id=712$,/bok/eg-treng-tid-til-aa-sakna-deg/
\\\/default\\\.aspx\\\?menu=[0-9]+&id=713$,/bok/knuter-trinn-for-trinn/
\\\/default\\\.aspx\\\?menu=[0-9]+&id=714$,/bok/dauinger-1-ute-av-tiden/
\\\/default\\\.aspx\\\?menu=[0-9]+&id=715$,/bok/vegen-heim-fraa-sarajevo/
\\\/default\\\.aspx\\\?menu=[0-9]+&id=716$,/bok/jeg-kommer-tilbake-i-kveld/
\\\/default\\\.aspx\\\?menu=[0-9]+&id=717$,/bok/eremitt/
\\\/default\\\.aspx\\\?menu=[0-9]+&id=718$,/bok/bebe-2-ingen-ting-som-foer/
\\\/default\\\.aspx\\\?menu=[0-9]+&id=719$,/bok/rettsnotater-22juli-rettssaken-oslo-tinghus-2012/
\\\/default\\\.aspx\\\?menu=[0-9]+&id=720$,/bok/syklus/
\\\/default\\\.aspx\\\?menu=[0-9]+&id=721$,/bok/flukta-fraa-rekkehuset/
\\\/default\\\.aspx\\\?menu=[0-9]+&id=722$,/bok/ingen-fridde-i-joelster/
\\\/default\\\.aspx\\\?menu=[0-9]+&id=723$,/bok/den-store-julekakeboka/
\\\/default\\\.aspx\\\?menu=[0-9]+&id=724$,/bok/fuck-off-i-love-you/
\\\/default\\\.aspx\\\?menu=[0-9]+&id=725$,/bok/hellstroem-jr/
\\\/default\\\.aspx\\\?menu=[0-9]+&id=726$,/bok/under-manhattan-en-reise-til-new-yorks-indre/
\\\/default\\\.aspx\\\?menu=[0-9]+&id=727$,/bok/nattgjengar/
\\\/default\\\.aspx\\\?menu=[0-9]+&id=728$,/bok/uteligger/
\\\/default\\\.aspx\\\?menu=[0-9]+&id=729$,/bok/se-norges-blomsterdal/
\\\/default\\\.aspx\\\?menu=[0-9]+&id=730$,/bok/den-lille-boken-om-de-smaa-hagene/
\\\/default\\\.aspx\\\?menu=[0-9]+&id=731$,/bok/kom-hjem/
\\\/default\\\.aspx\\\?menu=[0-9]+&id=732$,/bok/hvis-jeg-var-en-bok/
\\\/default\\\.aspx\\\?menu=[0-9]+&id=733$,/bok/reisen/
\\\/default\\\.aspx\\\?menu=[0-9]+&id=734$,/bok/broren-min-om-stoffmisbruk-skuffelser-og-soeskenkjaerlighet/
\\\/default\\\.aspx\\\?menu=[0-9]+&id=735$,/bok/hjemlandet-steder-som-er-norge/
\\\/default\\\.aspx\\\?menu=[0-9]+&id=736$,/bok/det-finnes-ingenting-mer-livsbejaende-enn-aa-vaere-moerkeredd/
\\\/default\\\.aspx\\\?menu=[0-9]+&id=737$,/bok/god-morgen-og-god-natt/
\\\/default\\\.aspx\\\?menu=[0-9]+&id=738$,/bok/123blogg/
\\\/default\\\.aspx\\\?menu=[0-9]+&id=739$,/bok/noia/
\\\/default\\\.aspx\\\?menu=[0-9]+&id=740$,/bok/oerkensang/
\\\/default\\\.aspx\\\?menu=[0-9]+&id=741$,/bok/en-dag-i-historien-22juli/
\\\/default\\\.aspx\\\?menu=[0-9]+&id=742$,/bok/nattsyn/
\\\/default\\\.aspx\\\?menu=[0-9]+&id=743$,/bok/nord-korea/
\\\/default\\\.aspx\\\?menu=[0-9]+&id=744$,/bok/helt-all-right/
\\\/default\\\.aspx\\\?menu=[0-9]+&id=745$,/bok/blitzregn-02-12-10-aar-med-kaizers-orchestra/
\\\/default\\\.aspx\\\?menu=[0-9]+&id=746$,/bok/kjaere-miss-nina-simone/
\\\/default\\\.aspx\\\?menu=[0-9]+&id=747$,/bok/saantno-hakke-de-i-byn/
\\\/default\\\.aspx\\\?menu=[0-9]+&id=748$,/bok/miraklenes-tid/
\\\/default\\\.aspx\\\?menu=[0-9]+&id=749$,/bok/hun-han/
\\\/default\\\.aspx\\\?menu=[0-9]+&id=750$,/bok/teenage-boss-bli-sjef-over-pengene-dine/
\\\/default\\\.aspx\\\?menu=[0-9]+&id=751$,/bok/bestemors-hage/
\\\/default\\\.aspx\\\?menu=[0-9]+&id=752$,/bok/lekestue/
\\\/default\\\.aspx\\\?menu=[0-9]+&id=753$,/bok/toeff-pappa/
\\\/default\\\.aspx\\\?menu=[0-9]+&id=754$,/bok/marius-strikkebok-klassikere-historier-og-nye-oppskrifter/
\\\/default\\\.aspx\\\?menu=[0-9]+&id=755$,/bok/gravskrifter/
\\\/default\\\.aspx\\\?menu=[0-9]+&id=756$,/bok/ulvene-kommer/
\\\/default\\\.aspx\\\?menu=[0-9]+&id=757$,/bok/ein-heilt-vanlig-fyr/
\\\/default\\\.aspx\\\?menu=[0-9]+&id=758$,/bok/bebe-3-den-einaste-som-veit/
\\\/default\\\.aspx\\\?menu=[0-9]+&id=759$,/bok/du-biter-ikke/
\\\/default\\\.aspx\\\?menu=[0-9]+&id=761$,/bok/anna-og-solmann/
\\\/default\\\.aspx\\\?menu=[0-9]+&id=762$,/bok/blade-1-spille-doed/
\\\/default\\\.aspx\\\?menu=[0-9]+&id=763$,/bok/i-stormens-oeye/
\\\/default\\\.aspx\\\?menu=[0-9]+&id=766$,/bok/flukt/
\\\/default\\\.aspx\\\?menu=[0-9]+&id=768$,/bok/peri-og-peti-vender-om/
\\\/default\\\.aspx\\\?menu=[0-9]+&id=770$,/bok/turbo-vil-bli-fotballproff/
\\\/default\\\.aspx\\\?menu=[0-9]+&id=771$,/bok/beroeringsstrofer/
\\\/default\\\.aspx\\\?menu=[0-9]+&id=772$,/bok/vintereple/
\\\/default\\\.aspx\\\?menu=[0-9]+&id=773$,/bok/helt-eventyrlig/
\\\/default\\\.aspx\\\?menu=[0-9]+&id=774$,/bok/aa-holde-pusten/
\\\/default\\\.aspx\\\?menu=[0-9]+&id=775$,/bok/hyperpubertet/
\\\/default\\\.aspx\\\?menu=[0-9]+&id=776$,/bok/ditt-roede-haar-unn/
\\\/default\\\.aspx\\\?menu=[0-9]+&id=780$,/bok/sosiale-antenner-har-mange-frekvenser/
\\\/default\\\.aspx\\\?menu=[0-9]+&id=781$,/bok/rasmus-leikar-med-elden/
\\\/default\\\.aspx\\\?menu=[0-9]+&id=782$,/bok/korsfarerne-1-3/
\\\/default\\\.aspx\\\?menu=[0-9]+&id=783$,/bok/hvis-noen-ser-meg-naa/
\\\/default\\\.aspx\\\?menu=[0-9]+&id=784$,/bok/kongen-din-bok-2/
\\\/default\\\.aspx\\\?menu=[0-9]+&id=787$,/bok/tryllemannen/
\\\/default\\\.aspx\\\?menu=[0-9]+&id=788$,/bok/fraa-ragnar-til-alle/
\\\/default\\\.aspx\\\?menu=[0-9]+&id=789$,/bok/kniplinger/
\\\/default\\\.aspx\\\?menu=[0-9]+&id=790$,/bok/kan-jeg-finnes-i-andre-formater/
\\\/default\\\.aspx\\\?menu=[0-9]+&id=791$,/bok/jeg-blir-heldigvis-ikke-lagt-merke-til/
\\\/default\\\.aspx\\\?menu=[0-9]+&id=792$,/bok/leik-med-maten/
\\\/default\\\.aspx\\\?menu=[0-9]+&id=793$,/bok/taco-paa-uno-dos-tres/
\\\/default\\\.aspx\\\?menu=[0-9]+&id=794$,/bok/se-opp-for-rullestol-i-motgaaende-kjoereretning/
\\\/default\\\.aspx\\\?menu=[0-9]+&id=795$,/bok/playback/
\\\/default\\\.aspx\\\?menu=[0-9]+&id=796$,/bok/doedtid/
\\\/default\\\.aspx\\\?menu=[0-9]+&id=797$,/bok/tegnordboka-se-hva-jeg-sier/
\\\/default\\\.aspx\\\?menu=[0-9]+&id=798$,/bok/jeg-var-bikkja-til-frank/
\\\/default\\\.aspx\\\?menu=[0-9]+&id=799$,/bok/levande-varde-i-lom/
\\\/default\\\.aspx\\\?menu=[0-9]+&id=800$,/bok/opptegnelser-fra-jerusalem/
\\\/default\\\.aspx\\\?menu=[0-9]+&id=801$,/bok/vinternoveller/
\\\/default\\\.aspx\\\?menu=[0-9]+&id=802$,/bok/paa-moten/
\\\/default\\\.aspx\\\?menu=[0-9]+&id=804$,/bok/jeg-greier-det/
\\\/default\\\.aspx\\\?menu=[0-9]+&id=805$,/bok/bare-ukedager/
\\\/default\\\.aspx\\\?menu=[0-9]+&id=806$,/bok/verdt-aa-vite/
\\\/default\\\.aspx\\\?menu=[0-9]+&id=807$,/bok/glade-jul/
\\\/default\\\.aspx\\\?menu=[0-9]+&id=809$,/bok/pappas-prinsesse/
\\\/default\\\.aspx\\\?menu=[0-9]+&id=810$,/bok/jenta/
\\\/default\\\.aspx\\\?menu=[0-9]+&id=811$,/bok/rottereir/
\\\/default\\\.aspx\\\?menu=[0-9]+&id=812$,/bok/finns-metode/
\\\/default\\\.aspx\\\?menu=[0-9]+&id=813$,/bok/eltefritt-broed-og-himmelske-kaker/
\\\/default\\\.aspx\\\?menu=[0-9]+&id=814$,/bok/brille/
\\\/default\\\.aspx\\\?menu=[0-9]+&id=815$,/bok/du-er-meg-for-soevnig/
\\\/default\\\.aspx\\\?menu=[0-9]+&id=816$,/bok/kjersti-er-ein-fiktiv-person-helsing-kjersti/
\\\/default\\\.aspx\\\?menu=[0-9]+&id=817$,/bok/jeg-kommer-snart/
\\\/default\\\.aspx\\\?menu=[0-9]+&id=818$,/bok/null/
\\\/default\\\.aspx\\\?menu=[0-9]+&id=819$,/bok/det-var-stille-det-snoedde/
\\\/default\\\.aspx\\\?menu=[0-9]+&id=820$,/bok/helioskatastrofen/
\\\/default\\\.aspx\\\?menu=[0-9]+&id=821$,/bok/det-skulle-vere-sol-vi-skulle-reise-til-lódz/
\\\/default\\\.aspx\\\?menu=[0-9]+&id=822$,/bok/blaa-er-den-varmeste-fargen/
\\\/default\\\.aspx\\\?menu=[0-9]+&id=823$,/bok/goliat/
\\\/default\\\.aspx\\\?menu=[0-9]+&id=824$,/bok/aya-fra-yopougon-sesong-2/
\\\/default\\\.aspx\\\?menu=[0-9]+&id=825$,/bok/smart-mamma/
\\\/default\\\.aspx\\\?menu=[0-9]+&id=826$,/bok/ut-paa-tur/
\\\/default\\\.aspx\\\?menu=[0-9]+&id=827$,/bok/statsminister-boka/
\\\/default\\\.aspx\\\?menu=[0-9]+&id=828$,/bok/heimekontor-i-gravferda/
\\\/default\\\.aspx\\\?menu=[0-9]+&id=829$,/bok/rocking-tattoos/
\\\/default\\\.aspx\\\?menu=[0-9]+&id=830$,/bok/world-of-spycraft-mientologene/
\\\/default\\\.aspx\\\?menu=[0-9]+&id=831$,/bok/friedland/
\\\/default\\\.aspx\\\?menu=[0-9]+&id=832$,/bok/etter-foedselen-det-alle-glemte-aa-si/
\\\/default\\\.aspx\\\?menu=[0-9]+&id=833$,/bok/skriv-godt/
\\\/default\\\.aspx\\\?menu=[0-9]+&id=834$,/bok/jakten-paa-messi/
\\\/default\\\.aspx\\\?menu=[0-9]+&id=835$,/bok/made-in-karasjok/
\\\/default\\\.aspx\\\?menu=[0-9]+&id=836$,/bok/ibsen-paa-en-time/
\\\/default\\\.aspx\\\?menu=[0-9]+&id=837$,/bok/gruppa/
\\\/default\\\.aspx\\\?menu=[0-9]+&id=838$,/bok/alt-gaar-i-grisen/
\\\/default\\\.aspx\\\?menu=[0-9]+&id=839$,/bok/den-kalde-vinden/
\\\/default\\\.aspx\\\?menu=[0-9]+&id=840$,/bok/allergikokebok-for-hele-familien/
