CONTENT_ID,CONTENT,CONTENT_TYPE_ID
802,"  <div>Bebe er ikke lenger den einaste</div>  <div>som veit om løyndomen til Sara.</div>  <div>Dei på ferie saman og</div>  <div>snakkar saman igjen.</div>  <div><br />  </div>  <div>Den fjerde boka om Bebe <br />  er spennande, lita og luftig.<br />  </div>  <div>&#160;</div>  <div><strong>Bente Bratlund</strong> (født i 1952) er forfattar</div>  <div>og har gitt ut ei rekke bøker </div>  <div>for barn, ungdom og vaksne. </div>  ",841
803,"  <div>Denne boka handler om </div>  <div>kroppen. Vi får se </div>  <div>kroppen fra barn til voksen. </div>  <div>Vær med å gjette hvor det er lov </div>  <div>å være naken og hvor det er lov </div>  <div>å tisse. Er det mulig å ha hår </div>  <div>på tennene? </div>  <div>&#160;</div>  <div>Boka har lite tekst. </div>  <div>Den er morsom og lærerik. </div>  <div>Illustrasjonene er fargerike</div>  <div>og forteller sin egen historie. </div>  <div>&#160;</div>  <div><strong>Anna Fiske</strong> er tegner og forfatter.</div>  <div>Hun har gitt ut flere bøker med enkelt innhold, </div>  <div>blant annet <strong>Følelsesbiblioteket</strong></div>  <div>og den morsomme boka <strong>Hæ?</strong> </div>  <div>&#160;</div>  ",842
804,"  <div>Boka viser hvordan du lager mat </div>  <div>trinn for trinn med bilder og symboler. </div>  <div>Den er inspirerende og flott. </div>  <div>&#160;</div>  <div>Du trenger ikke å kunne lese </div>  <div>for å ha glede av denne boka. </div>  <div>Det er fotografier av alt du trenger. </div>  <div>Boka passer for alle som </div>  <div>vil lage god mat selv. </div>  <div>&#160;</div>  <div><strong>Så godt! med symboler og bilder</strong> &#160;</div>  <div>er en enda enklere utgave av </div>  <div><strong>Så godt! lettlest kokebok.</strong> </div>  <div>Boka er tilrettelagt av Lene Hansen </div>  <div>og Heidi Trolldalen.</div>  <div>&#160;</div>  <div><strong>Lene Hansen og Heidi Trolldalen&#160;</strong></div>  <div>har tretti års &#160;teoretisk og praktisk&#160;</div>  <div>erfaring i å tilrettelegge. </div>  <div>De jobber med kommunikasjon&#160;</div>  <div>for mennesker med ulike utfordringer</div>  <div>i forhold til å forstå, oppfatte&#160;</div>  <div>og formidle innhold i en tekst. &#160;</div>  <div>&#160;</div>  <div>&#160;</div>  ",843
805,"  <div>  Hva inneholder egentlig maten vi spiser? </div>  <div>Og hva gjør den for  oss? </div>  <div>Hvilke typer mat bør vi unngå </div>  <div>og hvilke bør vi spise for å unngå farlig  magefett? </div>  <div>Hvorfor er magefett så farlig?&#160;</div>  <div>Alle disse spørsmålene får du svar på i denne boka. </div>  <div>Den er  full av informasjon, </div>  <div>men samtidig er det mange bilder og enkle oppskrifter. </div>  <div>I  tillegg finner du sitater i uthevet skrift </div>  <div>og faktabokser som oppsummerer en  del av informasjonen. </div>  <p>&#160;</p>  <div>Det er en del fremmedord og faguttrykk i boka, </div>  <div>men disse er  stort sett greit forklart.</div>  <div>Boka må ikke leses fra A-Å, </div>  <div>den kan fint brukes som et  oppslagsverk </div>  <div>om et sunt kosthold.</div>  <p>&#160;</p>  <div>Berit Nordstrand er lege og forfatter, </div>  <div>og har tidligere  skrevet bøkene <strong>Mat med mer</strong> (2012) </div>  <div>og <strong>Mat til sinns </strong>(2013)</div>  ",844
806,"  <div>  Toppen Bech presenterer med denne boka sitt eget  mormor-univers. </div>  <div>Hun forteller om sin egen barndom </div>  <div>og om sitt liv som mormor i  tidsklemma. </div>  <div>I tillegg får vi et lite innblikk i arven av historier som besteforeldre bærer på. </div>  <div>Boka er en personlig fortelling om opplevelser hun har hatt  </div>  <div>og ønsker å ha sammen med sine barnebarn. </div>  <p>&#160;</p>  <div>Mormors guide til gode  barnebøker, Mormors guide til kule  museer i Oslo </div>  <div>og Bestemors ordbok,  er blant annet morsomme innslag. </div>  <div>De er basert på Toppen Bechs egne erfaringer i møte  med sine barnebarn.</div>  <p>&#160;</p>  <div>Boka er delt inn i oversiktlige kapitler, og kan leses på kryss og tvers. </div>  <div>Den har mange bilder og barnetegninger. </div>  <div>Du finner også dikt,  regler, sanger, oppskrifter,</div>  <div>morsomme fakta og ritualer.</div>  <p>&#160;</p>  <div><strong>Toppen Bech </strong>er journalist, forfatter og foredragsholder, </div>  <div>og  var programleder for tv-serien<strong> Herskapelig</strong>. </div>  <div>Hun har tidligere gitt ut bøkene <em><strong>Skikk og bruk i en ny tid </strong></em>(2010) </div>  <div>og <strong>Herskapelige Norge</strong> (2006).</div>  <p>&#160;</p>  <p>&#160;</p>  ",845
807,"  <div>  Boka handler om Live </div>  <div>og hennes flukt fra virkeligheten.</div>  <div>Virkeligheten hjemme kveler henne. </div>  <div>Etter at søsteren Monica havnet i </div>  <div>en alvorlig bilulykke to år tidligere, </div>  <div>har ingenting vært som før. </div>  <div>Moren er  blitt en skygge av seg selv, </div>  <div>faren gjør så godt han kan. </div>  <div>Men hva kan gjøres,  </div>  <div>når det ikke er noen ting å få gjort?</div>  <p>&#160;</p>  <div>Live møter Robert på toget. </div>  <div>Han er dykker, akkurat som  henne. </div>  <div>Sammen blir de dratt inn </div>  <div>i et mareritt av løgner, vold og død.</div>  <p>&#160;</p>  <div>Boka har korte kapitler </div>  <div>og ganske stor skrift. </div>  <div>Når  spenningen er på sitt sterkeste, </div>  <div>er boka umulig å legge fra seg.</div>  <div>I boka er det noen fagord om dykking </div>  <div>og noen fremmedord.</div>  <p>&#160;</p>  <div>Caterina Cattaneo (født 1967) </div>  <div>er norsk-italiensk forfatter. </div>  <div>Hun har tidligere gitt ut boka <strong>Dødsreisen</strong>&#160;i 2011.</div>  ",846
808,"  <div>  Dette er boka for den som ønsker å begynne med klatring. </div>  <div>Den  forklarer alt fra hva en karabinkrok og slyngetau er, </div>  <div>til hvordan du best  klatrer opp en vegg eller en fjellknaus. </div>  <div>Både gjennom bilder og tekst ser du de  ulike teknikkene forklart.&#160;</div>  <div>Forfatteren begynner boka med å forklare hva klatring er, </div>  <div>og  fortsetter med å forklare vesentlige klatreutrykk. </div>  <p>&#160;&#160;&#160;&#160;&#160;&#160;&#160;&#160;&#160;&#160;&#160; </p>  <div>Boka er delt inn i tretten kapitler,og i  innholdsfortegnelsen </div>  <div>ser du hvilke temaer som blir tatt opp i kapitlet. </div>  <div>Hvert kapittel  har sin farge, </div>  <div>noe som gjør det enkelt å skille kapitlene fra hverandre.  &#160;</div>  <div>Helt bakerst finner du også et  lite oppslagsverk </div>  <div>fra A-Å i klatringens verden.</div>  <p>Viktige opplysninger er markert med rød bakgrunn,</p>  <div>tips og  råd er markert med grå.</div>  <p>&#160;</p>  <div><strong>Nils Ragnar Gustavsson</strong> er autorisert instruktør i klatring.</div>  <div>Han holder kurs for andre instruktører og kurs i sikkerhet.</div>  ",847
809,"  <div>  Denne boka gir deg som er trener, instruktør  eller lærer for barn </div>  <div>veiledning og inspirasjon til hvordan barna kan trene motorisk. </div>  <div>Her finner du 34  ulike leker og øvelser som vil gi barna stabilitet, </div>  <div>balanse, koordinasjon og kontroll over kroppen.</div>  <p>&#160;</p>  <div>Boka er delt opp i to deler.</div>  <div> Første del beskriver hvilke faktorer du bør kjenne til </div>  <div>om du vil utvikle deg som trener. </div>  <div>Andre del består av de 34 motoriske øvelsene, </div>  <div>forklart med bilder og tekst.</div>  <p>&#160;</p>  <div>Med boka følger en DVD som viser øvelsene  ”live”, </div>  <div>samtidig som de blir forklart (på svensk).</div>  <p>&#160;</p>  <div>Johanne Elphinston er fysioterapeut, foreleser og forfatter.</div>  <div>Hun har trent  idrettsutøvere fra barn til elitenivå.</div>  <p>&#160;</p>  ",848
810,"  <div>  Champions League er verdens største turnering for klubblag.  </div>  <div>I denne boka kan du blant annet lese resultater, kampoppsett</div>  <div>og portretter  av de største stjernene. </div>  <div>Du kan også lese om hvordan Rosenborg vant over AC  Milan i 1996.</div>  <div>Dermed ble de det første (og foreløpig eneste) norske laget </div>  <div>som er kommet til en kvartfinale i Champions League. </div>  <div>I tillegg kan du teste deg selv i  en morsom Champions League-quiz.</div>  <p>&#160;</p>  <p>Boka har et kortfattet, muntlig språk og mange bilder. </p>  <p>&#160;</p>  <p>Forfatteren <strong>Steffen Gronemann</strong> har tidligere skrevet blant annet&#160;</p>  <p><strong>Alt om EMs største stjerner</strong> (2012)</p>  <div><strong>Alt om FC Barcelona</strong> (2012)</div>  <div>  <div><strong><em>Alt om Manchester United </em></strong>(2012)</div>  <div>&#160;</div>&#160;</div>  ",849
811,"  <div>  I denne boka kan du lese skogens historie. </div>  <div>Det er fortalt i  et muntlig språk, med filosofiske og poetiske betraktninger. </div>  <p>&#160;</p>  <div>Haakon Bull-Hansen arvet en skog i 2001. </div>  <div>Han har ofte brukt  skogen, både som barn, ungdom og voksen. </div>  <div>Som barn ble han opplært i skogens  yrende liv av sin bestefar. </div>  <div>Som ungdom møtte han naturens sterke krefter. </div>  <div>Som  voksen ser han de små detaljene </div>  <div>og de store bildene i sammenheng med hverandre.  </div>  <div>I sammenheng med livet selv. </div>  <p>&#160;</p>  <div>Boka er delt inn i femten kapitler. </div>  <div>Hvert kapittel har sin lille historie. </div>  <div>Som tegnene naturen gir fra seg. </div>  <div>Som stiene  vi går på når vi ferdes i marka. </div>  <div>Som redskapen, røttene, tunet, tømmeret,  skiene. </div>  <p>&#160;</p>  <div>Haakon Bull-Hansen er født i 1951 </div>  <div>og har tidligere gitt ut  både skjønnlitteratur og sakprosa.&#160;</div>  ",850
812,"  <div>  Denne boka handler om Rebekka. </div>  <div>Hun er adoptert fra Korea, </div>  <div>og  har bodd i Norge siden hun var tre-fire år. </div>  <div>Hennes søster, Marion, har  nylig dødd av kreft. </div>  <div>Ingen vet hvem deres biologiske mødre var </div>  <div>og hvorfor de ga  dem fra seg. </div>  <div>&#160;</div>  <div>De bodde på samme barnehjem i Busan, </div>  <div>og Rebekka reiser dit for å  finne svar. </div>  <div>Der møter hun I-Sook og hennes datter Ji-Su. </div>  <div>Litt etter litt får vi  små innblikk i koreanske kvinners liv: </div>  <div>Etter Korea-krigen ble adopsjon </div>  <div>sett på som barmhjertighet.</div>  <div>Nå blir adopsjon sett på </div>  <div>som noe som minner om menneskehandel. </div>  <div>Kvinner ble sveket av sine menn, </div>  <div>og ofret mye for å bevare familiens ære.</div>  <p>&#160;&#160;&#160;&#160;&#160;&#160;&#160;&#160;&#160;&#160;&#160; </p>  <div>Boka har to fortellerstemmer. </div>  <div>Den ene er Rebekkas og den  andre er I-Sook, </div>  <div>og kapitlene er merket <strong>Rebekka</strong>&#160;og <strong>I-Sook</strong>, </div>  <div>så de er lette å  skille fra hverandre. </div>  <div>Språket er muntlig og mange av kapitlene er korte.</div>  <div>  <p>&#160;</p>Anne Kyong-Sook Øfsti (født 1962) </div>  <div>er familieterapeut og har  tidligere gitt ut </div>  <div>fagboka <strong>Parterapi</strong>  (Universitetsforlaget). </div>  <div><strong>Si at vi har hele  dagen</strong> er hennes første roman.  <p>&#160;</p></div>  ",851
813,"  <div>  I denne boka får du møte doktor Khadija.</div>  <div>Hun er lærer på en  jordmorskole i en småby i Afghanistan. </div>  <div>Du får møte elevene Nilab, Malalai,  Meena og Shagofa. </div>  <div>Du får møte Nilabs bror, Yahya, som blir truet på livet av  Taliban, </div>  <div>fordi søsteren hans går på skole. </div>  <div>Du får møte Asma, bestyreren på  internatet som jentene bor på. </div>  <div>Hun har flyktet fra en voldelig ektemann </div>  <div>og tør  nesten ikke håpe på en skilsmisse.</div>  <p>&#160;</p>  <div>Du får høre jentenes fortellinger </div>  <div>om hvordan det er å vokse opp  i krig. </div>  <div>Om hvordan alle parter i krigen virker like truende, </div>  <div>og hvor umulig det  er å velge side. </div>  <div>Du kan lese om hvordan det nesten ikke går an </div>  <div>å stole på noen,  eller noe. Om hvordan en trussel kan fikses </div>  <div>bare man har penger til å betale  seg ut av det. </div>  <div>Her er historier om å ikke vite noe om sine rettigheter som  kvinne. </div>  <div>Om å hjelpe noen uten å vite om man kan hjelpe seg selv. </div>  <div>Om å flykte.  Om å drepe. Om å ta imot liv.</div>  <p>&#160;</p>  <div>Boka er delt inn i fire deler: <strong>Balansekunst, Jordmødrene i  Wardak, </strong></div>  <div><strong>Livet imellom</strong> og <strong>Krig for fred</strong>. Delene inneholder korte kapitler </div>  <div>som  forteller hver sin sterke historie. Språket er lettfattelig, </div>  <div>og kapitlene er bygd opp på en sånn måte </div>  <div>at man bare må bla videre for å finne ut hva som skjer. </div>  <p>&#160;</p>  <div><strong>Kristin Solberg</strong> (født 1982) er korrespondent for Aftenposten </div>  <div>og den svenske avisa Dagens Nyheter, i Afghanistan, India og Pakistan. </div>  <div>Hun har tidligere  gitt ut boka <strong>Gjennom de renes land </strong>(2010).</div>  <p>&#160;</p>  <p>&#160;</p>  ",852
814,"  <p>  Det forsøker denne boka å gi et svar på. Med over 75 prosent sysselsatte, er Norge blant de høyeste av OECD-landene. Jo  flere som er ute i arbeidslivet, desto større blir sjansen for at noen må få  hjelp av trygdesystemet, i form av sykelønn, uførepensjon og liknende. Så selv  om antallet på sykelønn og  uførepensjon øker, har andelen reelt  sett gått ned.</p>  <p>&#160;</p>  <p>Du kan lese at et stabilt og velfungerende velferdssystem  påvirker mange ting på arbeidsplassen. Når man vet at man ikke mister jobben selv om man er syk, oppstår det  et tillitsforhold mellom arbeidstaker og arbeidsplass. Når man vet at man ikke  mister lønn selv om man er syk, vil  ikke økonomisk ruin være en stressende faktor som kan ødelegge for  rehabiliteringen. </p>  <p>&#160;</p>  <p>Ved arbeidsløshet får man i Norge støtte av staten, og man  er ikke avhengig av å bli forsørget av foreldre eller ektefelle. </p>  <p>&#160;</p>  <p>Boka er skrevet i et muntlig språk, og du kan lese flere  personlige historier: Både fra Nav-ansatte og Nav-brukere.</p>  <p>&#160;</p> Dette er den første boka i serien<em> Fellesskap fungerer</em>. Bok nummer to handler om arbeidslivet og fagforeningene i Norge. Bok nummer tre kommer høsten 2014.<br />    <p>&#160;</p>  <p><br />  </p>  <p>&#160;</p>  ",853
815,"  <div style=""padding-top: 0px; padding-right: 0px; padding-bottom: 0px; padding-left: 0px; margin-top: 0px; margin-right: 0px; margin-bottom: 0px; margin-left: 0px; border-top-width: 0px; border-right-width: 0px; border-bottom-width: 0px; border-left-width: 0px; border-style: initial; border-color: initial; border-style: initial; border-color: initial;"">Fagbevegelsen spiller en stor rolle i Norge. </div>  <div style=""padding-top: 0px; padding-right: 0px; padding-bottom: 0px; padding-left: 0px; margin-top: 0px; margin-right: 0px; margin-bottom: 0px; margin-left: 0px; border-top-width: 0px; border-right-width: 0px; border-bottom-width: 0px; border-left-width: 0px; border-style: initial; border-color: initial; border-style: initial; border-color: initial;"">I&#160;denne boka kan du lese hvilke ringvirkninger det gir at fagbevegelsen har (og har hatt) en så stor rolle. </div>  <div style=""padding-top: 0px; padding-right: 0px; padding-bottom: 0px; padding-left: 0px; margin-top: 0px; margin-right: 0px; margin-bottom: 0px; margin-left: 0px; border-top-width: 0px; border-right-width: 0px; border-bottom-width: 0px; border-left-width: 0px; border-style: initial; border-color: initial; border-style: initial; border-color: initial;"">Små lønnsforskjeller og gode arbeidsvilkår er noen av dem. </div>  <div style=""padding-top: 0px; padding-right: 0px; padding-bottom: 0px; padding-left: 0px; margin-top: 0px; margin-right: 0px; margin-bottom: 0px; margin-left: 0px; border-top-width: 0px; border-right-width: 0px; border-bottom-width: 0px; border-left-width: 0px; border-style: initial; border-color: initial; border-style: initial; border-color: initial;"">Det igjen skaper fellesskap og gjensidig tillit mellom menneskene i samfunnet.</div>  <p style=""padding-top: 0px; padding-right: 0px; padding-bottom: 0px; padding-left: 0px; margin-top: 0px; margin-right: 0px; margin-bottom: 0px; margin-left: 0px; border-top-width: 0px; border-right-width: 0px; border-bottom-width: 0px; border-left-width: 0px; border-style: initial; border-color: initial; border-style: initial; border-color: initial;"">&#160;</p>  <div>Boka er delt inn i tre deler:&#160;</div>  <div><em>Hvorfor går det så bra med Norge?</em>&#160;</div>  <div><em>Hvorfor er sterke fagbevegelser bra for norsk økonomi?</em>&#160;</div>  <div>Og&#160;<em>Trusler mot den norske modellen</em>. </div>  <div>Hvert kapitler har underkapitler tydelig merket i innholdsfortegnelsen.&#160;</div>  <div>&#160;</div>  <div>Du kan blant annet lese om hvordan vi i Norge har lav arbeidsløshet, </div>  <div>varig høy økonomisk vekst, evne til omstilling og evne til å ta i bruk ny teknologi, </div>  <div>og effektiv offentlig sektor.</div>  <p style=""padding-top: 0px; padding-right: 0px; padding-bottom: 0px; padding-left: 0px; margin-top: 0px; margin-right: 0px; margin-bottom: 0px; margin-left: 0px; border-top-width: 0px; border-right-width: 0px; border-bottom-width: 0px; border-left-width: 0px; border-style: initial; border-color: initial; border-style: initial; border-color: initial;"">&#160;</p>  <div style=""padding-top: 0px; padding-right: 0px; padding-bottom: 0px; padding-left: 0px; margin-top: 0px; margin-right: 0px; margin-bottom: 0px; margin-left: 0px; border-top-width: 0px; border-right-width: 0px; border-bottom-width: 0px; border-left-width: 0px; border-style: initial; border-color: initial; border-style: initial; border-color: initial;"">I denne boka er det forsøkt å skrive om et mangesidig og komplisert system på en enkel måte, </div>  <div style=""padding-top: 0px; padding-right: 0px; padding-bottom: 0px; padding-left: 0px; margin-top: 0px; margin-right: 0px; margin-bottom: 0px; margin-left: 0px; border-top-width: 0px; border-right-width: 0px; border-bottom-width: 0px; border-left-width: 0px; border-style: initial; border-color: initial; border-style: initial; border-color: initial;"">men det er mange faguttrykk og fremmedord. Boka inneholder en del grafer og bilder.</div>  <div style=""padding-top: 0px; padding-right: 0px; padding-bottom: 0px; padding-left: 0px; margin-top: 0px; margin-right: 0px; margin-bottom: 0px; margin-left: 0px; border-top-width: 0px; border-right-width: 0px; border-bottom-width: 0px; border-left-width: 0px; border-style: initial; border-color: initial; border-style: initial; border-color: initial;"">&#160;</div>  <div style=""padding-top: 0px; padding-right: 0px; padding-bottom: 0px; padding-left: 0px; margin-top: 0px; margin-right: 0px; margin-bottom: 0px; margin-left: 0px; border-top-width: 0px; border-right-width: 0px; border-bottom-width: 0px; border-left-width: 0px; border-style: initial; border-color: initial; border-style: initial; border-color: initial;"">Dette er bok nummer to i serien <em>Fellesskap fungerer</em>. Den tredje kommer høsten 2014.</div>  ",854
816,"  <div>  Mickey Bolitar bor i kjelleren til onkelen sin, Myron. </div>  <div>Faren har dødd i  en bilulykke. </div>  <div>Moren er på avrusning. </div>  <div>Mickey skal begynne på helt ny skole og  kjenner ingen. </div>  <div>&#160;</div>  <div>Allerede på vei til første skoledag, </div>  <div>treffer han den mystiske  Bat Lady. </div>  <div>Hun forteller Mickey at faren hans ikke er død likevel. </div>  <div>Mickey kan  ikke tro det </div>  <div>– han var jo der i bilen da ulykken skjedde. </div>  <div>Likevel vil han så  gjerne tro at faren fortsatt lever.</div>  <p>&#160;Kort tid senere forsvinner jenta han har forelsket seg i,  Ashley.</p>  <div>Alt dette leder Mickey inn i en farlig underverden </div>  <div>sammen med de eneste på skolen som vil være venner med ham: </div>  <div>halv-autistiske Spoon  og emojenta Ema.&#160; </div>  <p>&#160;</p>  <div>Denne boka har en del tekst, og det finnes enkelte fremmedord.  </div>  <div>Men den er såpass spennende skrevet at den er vanskelig å legge vekk. </div>  <div>Hvordan  vil det gå for Mickey Bolitar? </div>  <div>Lever faren hans virkelig, eller er han bare et  minne? </div>  <div>Hva skjedde med Ashley? Hvem er mannen i den svarte bilen? </div>  <div>Les og  finn ut.</div>  <p>&#160;</p>  <div><strong>Harlan Coben</strong> er en bestselgende krimforfatter, </div>  <div>og bøkene hans er  oversatt til mer enn 40 språk. </div>  <div><strong>Beskytteren</strong>  er første av tre bøker om Mickey Bolitar.</div>  ",855
817,"  <div>Om natten er han superhelten Brune.</div>  <div>Sammen med vennene sine, tar han hevn.</div>  <div>&#160;</div>  <div>""Brune"" har korte setninger,</div>  <div>ryddig oppsett,</div>  <div>morsome tegninger og gode dialoger. </div>  <div>Passer godt for barn i alderen 6 - 9 år,</div>  <div>men også for ungdom.</div>  <div>&#160;</div>  <div>Du MÅ lese den!</div>  <div>&#160;</div>  <div><strong>Håkon Øvreås</strong> (født i 1974 ) er forfatter</div>  <div>og har skrevet dikt for voksne og ""Brune"" for barn.</div>  ",856
818,"  <div>Olene er noen små, blide kryp.</div>  <div>De er alle like.</div>  <div>Men det forandrer seg fort.</div>  <div>&#160;</div>  <div>Fin og kort bok.</div>  <div>Veldig lite tekst pr side.</div>  <div>Stor skrift.</div>  <div>Gøyale tegninger.</div>  <div>&#160;</div>  <div>Passer for 3-6 år.</div>  <div>&#160;</div>  <div><strong>Oliver Jeffers</strong> (født 1977, i Belfast)</div>  <div>Er en irsk maler og barnebokforfatter.</div>  <div>Han bor i New York</div>  <div>og har solgt 1,5 millioner bøker!</div>  ",857
819,"  <div>Han stjal den fra en veldig stor fisk.</div>  <div>Den store fisken vil gjerne ha den tilbake...</div>  <div>&#160;</div>  <div>Fra 3 - 8 år.</div>  <div>Stor skrift og veldig fine tegninger.</div>  <div>Lur, lun og bra bok!</div>  <div>&#160;</div>  <div><strong>Jon Klassen</strong> (født 1988, i Kanada)</div>  <div>er en kanadisk forfatter og illustratør.</div>  ",858
820,"  <div>Når man skal spise opp maten sin,</div>  <div>kan det være fint å få hjelp av</div>  <div>en krokodille, en bjørn og en ulv.</div>  <div>&#160;</div>  <div>Stor skrift, fargerike tegninger.</div>  <div>Passer for barn i alderen 3-6 år.</div>  <div>&#160;</div>  <div><strong>Rebecca Cobb</strong> (født 1982)</div>  <div>er en britisk illustratør og forfatter.</div>  ",859
821,"  <div>Lille Pi har brukket armen sin.</div>  <div>Og tenker på så mange triste ting.</div>  <div>&#160;</div>  <div>Fra 3 år.</div>  <div>Finnes både på bokmål og nordsamisk.</div>  <div>Mange tegninger og litt liten skrift.</div>  <div>Poetisk språk med mange metaforer.</div>  <div>&#160;</div>  <div><strong>Hege Siri</strong> (født 1973)</div>  <div>Er en samisk forfatter.</div>  <div>Hun har også skrevet dikt for voksne.</div> ",860
822,"  <div>Han har en datter som heter Christina.<br />  Det er spennende å få en stesøster,<br />  men Ella liker ikke at guttene i klassen synes Christina er søt.<br />  Da Christina sier at hun har tenkt å kysse Bendik, blir Ella helt iskald.<br />  Bendik er jo hennes kjæreste.<br />  Eller er han det? </div>  <div>&#160;</div>  <div><strong>Unni Lindell</strong> (født 1957 i Oslo) er en norsk forfatter. Lindell er kjent som forfatter av kriminalromaner, barnelitteratur, og ungdomslitteratur. </div>  ",861
823,"  <div>Her er fakirenes historie.</div>  <div>De har plaget seg selv i minst 4000 år.</div>  <div>Det finnes fakirer nå også, </div>  <div>de sluker sverd, svelger flammer og sitter på spikermatter</div>  <div>Kan man lære noe av fakirer? </div>  <div>Ja, faktisk.</div>  <div>Ikke å sluke sverd.</div>  <div>Men å slappe av i kroppen og forberede seg.</div>  <div>&#160;</div>  <div>Humørfylte illustrasjoner</div>  <div>&#160;</div>  <div>  <p><strong>Bengt-Erik Engholm</strong> (født 1959) er en svensk forfatter.</p>  <p>&#160;</p></div>  ",862
824,"  <div>Lettlest og underholdende faktabok om mumier. </div>  <div>Hvordan lager man en mumie? </div>  <div>Egypterne var eksperter på å lage mumier. </div>  <div>Det finnes andre mumier i verden også.</div>  <div>Noen har blitt til av seg selv.</div>  <div>&#160;</div>  <div>Humørfylte illustrasjoner.</div>  <div>&#160;</div>  <div><strong>Malin Lilja</strong> er svensk, det i grunnen alt vi vet om henne.</div>  <p>&#160;</p>  ",863
825,"  <div>Det er vinter. </div>  <div>Det blåser ute, lydene er mange og skumle. </div>  <div>Kaninen prøver med gulrot, det pleier å hjelpe. </div>  <div>Men hun vil ikke være alene! </div>  <div>Hun går ut i uværet.</div>  <div>&#160;</div>  <div>Fin liten fortelling med sprø tegninger.</div>  <div>&#160;</div>  <div><strong>Trond Brænne</strong> (1953-2013) var forfatter og skuespiller. Han debuterte med barneboken ""Adrian og broen"" i 1986 og skrev en rekke bøker for barn og ungdom i tillegg til hørespill, teaterstykker og sangtekster. Han har gitt stemme til flere tegnefilmer og arbeidet med teater, film og fjernsyn.</div>  <div>&#160;</div>  <div>  <p><strong>Per Dybvig</strong> (født 27. januar 1964 i Stavanger) er en norsk tegner, illustratør og billedkunstner.</p>  <p>&#160;</p></div>  ",864
826,"  <div>Bokversjonen av ""What does the fox say"".</div>  <div>På norsk, med Svein Nyhus sine sprelske tegninger.</div>  <div>&#160;</div>  <p><strong>Ylvis</strong> er en norsk komikerduo og musikalsk revygruppe bestående av brødrene Bård (født 1982) og Vegard Ylvisåker (født 1979). </p>  <div>&#160;</div>  <div><strong>Svein Nyhus</strong> (født 1962 i Tønsberg) er en norsk illustratør og barnebokforfatter.</div>  <p>&#160;</p>  ",865
827,"  <div>Når alle sover,</div>  <div>er katten våken.</div>  <div>I denne fine fortellingen</div>  <div>får du vite hva katten gjør.</div>  <div>Når menneskene sover.</div>  <div>&#160;</div>  <div>Boken har litt liten skrift,</div>  <div>men enkle ord og fine tegninger.</div>  <div>&#160;</div>  <div><strong>Lars Saabye Christensen</strong> (født 1953 i Oslo) er en norsk forfatter.</div>  <div>&#160;</div>  <div>&#160;</div>  <p>&#160;</p>  ",866
828,"  <div>Visste du at det er flere bakterier i én liten bæsj enn det er mennesker på jorda, </div>  <div>og at disse ørsmå organismene styrer oss?</div>  <div>&#160;</div>  <p>&#160;</p>  <div>I denne boka får du vite alt om bakterier.</div>  <div>Boken har litt liten skrift,</div>  <div>men enkelt språk</div>  <div>og den er både spennende og morsom!</div>  <div>&#160;</div>  <div><strong>Bjørn Arild Ersland</strong> (f. 1965) har skrevet en rekke bøker for barn. </div>  <div>Han skriver både fagbøker, bildebøker og lettlestbøker.</div>  <p>&#160;</p>  <div>&#160;</div>  <div>&#160;</div>  <div>&#160;</div>  ",867
829,"  <div>Første klasse elsker gym.</div>  <div>De vil overnatte i gymsalen! </div>  <div>Og tenk, så får de lov. </div>  <div>De har på seg pysj, løper hinderløp og sover i sovepose. </div>  <div>Det er nesten enda bedre enn gym!</div>  <div>&#160;</div>  <div>Boken har lite tekst på hver side.</div>  <div>Stor skrift og mange tegninger.</div>  <div>&#160;</div>  <div>  <p><strong>Helena &#160;Bross</strong>, (født 1950&#160;i&#160;Stockholm) er en svensk&#160;lærer og barnebokforfatter.</p>  &#160;</div>    ",868
830,"  <div>Veldig bra bok,</div>  <div>om hvor vanskelig det kan være</div>  <div>å eie en elg...</div>  <div>&#160;</div>  <div>Store bokstaver, </div>  <div>lite tekst på hver side&#160;</div>  <div>og nydelige tegninger.</div>  <div>&#160;</div>  <div>  <p><strong>Oliver Jeffers</strong>&#160;(født i Belfast i 1977) skriver og tegner nydelige bøker som passer for alle aldre.</p>&#160;</div>  <div>&#160;</div>  ",869
831,"  <div>Klara er ikke forelsket i Matias,</div>  <div> slik alle tror, </div>  <div>men i den to år eldre nabojenta Sofie.</div>  <div>&#160;</div>  <div>En vakker historie om den første kjærligheten.</div>  <div>&#160;</div>  <div>Stor skrift, korte kapitler og enkle setninger.</div>  <div>&#160;</div>  <div>  <div><strong>Thomas Marco Blatt</strong>&#160;(født&#160;1980&#160;i&#160;Sør-Korea) er en norsk forfatter.</div>  <div>Tidligere har han skrevet dikt for voksne.&#160;</div>  &#160;</div>    ",870
832,"  <div>Onkel Simon flyttar inn hjå Henrik og mora.</div>  <div>Simon og Henrik har alltid hatt eit nært forhold, </div>  <div>men no er Simon sjuk. </div>  <div>Det er ikkje vanskeleg å sjå kva slags veg det ber, </div>  <div>utan at mora seier det rett ut. </div>  <div>Henrik fortel Simon at han har kyssa Kjersti, </div>  <div>ei jente i klassen, </div>  <div>sjølv om han ikkje har det. </div>  <div>Han torde ikkje da han hadde sjansen. </div>  <div>Snart kjem Kjersti heim frå ferie i Italia...</div>  <div>&#160;</div>  <div>Vinner av&#160;Brageprisen 2013</div>  <div>&#160;</div>  <div>Boka har litt lita skrift, </div>  <div>men berre ein setning på linja.</div>  <div>&#160;</div>  <div>  <div><strong>Brynjulf Jung Tjønn</strong> (f. 1980) er ein norsk forfattar, oppvokst i Feios i Sogn og Fjordane.</div>  <div>Han skriv og for vaksne.&#160;</div>  &#160;</div>  <div>&#160;</div>  <div>&#160;</div>  ",871
833,"  <div>Utenfor soveromsvinduet til Tom står en lyktestolpe. </div>  <div>Hver kveld blir lyset tent, og hver morgen blir lyset borte. </div>  <div>Slik har det vært så lenge Tom kan huske. </div>  <div>Lyset er der når han sovner, og lyser alene hele natta.</div>  <div>En kveld ligger hagen der helt mørk.</div>  <div>Lyktestolpen står der mørk og trist, sier ingenting.</div>  <div> Hvor er lyset blitt av?</div>  <div>&#160;</div>  <div>Kan være litt vrien å lese på grunn av mørk bakgrunn.</div>  <div>Men lite tekst på hver side,</div>  <div>og fine tegninger.</div>  <div>&#160;</div>  <div>  <div><strong>Gaute Heivoll</strong>&#160;(født i 1978), oppvokst i Finsland utenfor Kristiansand. </div>  <div>Norsk forfatter som også skriver for voksne.&#160;</div></div>    ",872
834,"  <div>Zainab er ni år. </div>  <div>Hun bor i et land langt borte, et land der det er krig. </div>  <div>En dag kommer ikke faren hennes hjem,</div>  <div> og familien får et brev fra ham der det står de må flykte.</div>  <div> Sammen med resten av familien legger Zainab ut på flukt gjennom ørkenen,</div>  <div>der de søker tilflukt i en flyktningleir.</div>  <div>&#160;</div>  <div>Stor skrift og lite tekst på hver side.</div>  <div>En trist, varm og vakker fortelling om et viktig tema.</div>  <div>&#160;</div>  <div>  <div><strong>Salah Nassar</strong> er født og oppvokst sør i Irak.</div>  <div>Han kom til Norge som flyktning på slutten av 1992.</div>  <div>&#160;</div></div>  <div>&#160;</div>  <div>&#160;</div>  ",873
835,"  <div>Dette er en perle av en bok!</div>  <div>&#160;</div>  <div>  <div>I en liten bygd i Nord-Norge, </div>  <div>sliter en ung jente med å bearbeide sorgen etter at faren er død.</div>  <div> Moren er fjern av sorg, </div>  <div>og kjæresten har sveket henne.</div>  <div>&#160;</div>  <div>Boken har små bokstaver,</div>  <div>men lite tekst pr side.</div>  <div>Den har svart humor,</div>  <div>sprelske påfunn</div>  <div>og er en fest å lese!</div>  <div>&#160;</div>  <div><strong>Sanne Mathiassen</strong> (født 1983) er en norsk forfatter.&#160;</div>  <div>&#160;</div>  <div>&#160;</div>&#160;</div>  <div>&#160;</div>  <div>&#160;</div>  ",874
836,"  <div>Hun er seksten år, i en liten bygd i Nord-Norge.</div>  <div> Moren har tatt livet sitt.</div>  <div> Lillesøsteren har flyttet inn hos tante Else i nabohuset.</div>  <div> Faren ligger på sofaen hjemme med gardinene trukket for.</div>  <div> Slik er det, hvis ikke verre.</div>  <div> Det er oktober, det er mørketid.</div>  <div> I jakka har hun med seg en lommelykt, </div>  <div>på leting etter noe som kanskje kan gi mening. </div>  <div>Som Jonas, om hun bare får ham til å legge merke til henne.</div>  <div> Imens er moren alt hun har,</div>  <div> det som fortsatt er igjen etter henne.</div>  <div>&#160;</div>  <div>Små bokstaver,</div>  <div>men korte, gode setninger.</div>  <div>Absurd humor og en meget god bok.</div>  <div>&#160;</div>  <div><strong>Sanne Mathiassen</strong> (født 1983) er en norsk forfatter.&#160;</div>    ",875
837,"  <div>Når jeg er på besøk hos farmor og farfar</div>  <div> pleier jeg å få farfar til å fortelle historier fra gamle dager.</div>  <div> Den aller fineste er den om da&#160;oldefar&#160;var doktor.</div>  <div>&#160;</div>  <div>Litt små bokstaver,</div>  <div>men lite tekst på hver side</div>  <div>og mange fine tegninger og fotos.</div>  <div>&#160;</div>  <div>Spennende og morsom bok!</div>  <div>&#160;</div>  <div>  <p><strong>Adele Lærum Duus</strong>&#160;(født 1974) er en norsk litteraturformidler, skuespiller og forfatter.</p>&#160;</div>  <div>&#160;</div>  ",876
838,"  <div>Kakerlakken er redd for å blø, redd for å dø. </div>  <div>Men ho er òg redd for å leve.</div>  <div>Kvar finn ein lys og glede når hausten har gøymt sola og fargane?</div>  <div>&#160;</div>  <div>Bittersøt historie om kakerlakken som får tunge tankar kvar vinter.</div>  <div> Dette er ei bok det er lett å bli glad i.</div>  <div>&#160;</div>  <div>  <div><strong>Martine&#160;Grande</strong>&#160;(f. 1985) voks opp i Lierne i Nord-Trøndelag og bur no i Volda.&#160;</div>  <div>Ho er utdanna animatør og jobbar til dagleg i sitt eige vesle animasjonsselskap.</div>  &#160;</div>    ",877
839,"  <div>I denne boken er det åtte korte historier.</div>  <div>De slutter alle sammen på en snål, overraskende måte.</div>  <div>&#160;</div>  <div>Store bokstaver og lite tekst på hver side.</div>  <div>Tegninger på hver side.</div>  <div>&#160;</div>  <div><strong>Ulli Schuber</strong>t (født 1958) er en tysk forfatter .</div>  ",879
840,"  <div>Sol er foreldreløs og bor hos en rik familie på landsbygda. </div>  <div>Hun hjelper til i kjøkkenet og leker med sønnen i huset. </div>  <div>Så en dag får Sol høre sannheten: </div>  <div>Hun er bare en slave. </div>  <div>Da hun var liten ble hun røvet fra foreldrene sine fordi hun&#160;er av Heksefolket.</div>  <div> Hvorfor har hun ikke skjønt det før?</div>  <div>Heksefolket bor langt mot nord, de har magiske krefter.&#160;</div>  <div> Men nå vil de ha tilbake barna som ble røvet fra dem for mange år siden, </div>  <div>og det ser ut til å gå mot krig. </div>  <div>Da Sol skjønner hvem hun er ,</div>  <div> rømmer hun fra huset hun har bodd i hele livet for å redde seg selv og sitt folk. </div>  <div>En spennende jakt er på gang!</div>  <div>&#160;</div>  <div>&#160;</div>  <div>  <p><strong>Jo Salmson</strong>&#160;,&#160;pseudonym&#160;for&#160;Catharina Wrååk &#160;(født 1957), er en svensk forfatter.</p>&#160;</div>  ",880
841,"  <div>Timmy Tabbe - den håpløse, latterlig selvsikre direktøren i det beste detektivbyrået i byen.</div>  <div>Kanskje til og med i hele landet. </div>  <div>Hans imponerende late kompanjong,</div>  <div> en veldig stor isbjørn som heter Kjempe.</div>  <div>Sammen er de Kjempe Tabbe AS, </div>  <div>et selskap som garantert kommer til å gjøre Timmy så rik </div>  <div>at moren ikke trenger å stresse med regningene lenger.</div>  <div>&#160;</div>  <div>Noen lange ord, men hysterisk morsom bok!</div>  <div>Massevis av gøyale tegninger.&#160;</div>  <div>&#160;</div>  <div>  <p><strong>Stephan Pastis</strong> &#160;(født 1968) er en amerikansk&#160;tegneserieskaper&#160;og forfatter.</p>  &#160;</div>    ",881
842,"  <div>Med ""Mens vi venter på nissen"" har Anna Fiske laget en koselig adventsbok for småbarnsfamilien,</div>  <div> full av tips til morsomme ting man kan lage selv.&#160;</div>  <div>Materialene er enkle å skaffe.</div>  <div> En del finnes allerede i skuffer og skap, mye finner du utendørs,</div>  <div>og resten kan kjøpes for en billig penge.</div>  <div> Målet er mest mulig kos underveis og, ikke minst, null stress. </div>  <div>Resultatet av innsatsen er sjarmerende advents- og julepynt som også er flott å gi bort i gave.</div>  <div>Alle tingene i boken har en enkel og pedagogisk trinn for trinn-forklaring i tekst og tegning,</div>  <div> tilrettelagt for små barn som ikke kan lese.&#160;</div>  <div>&#160;</div>  <div>Håndskrevne bokstaver.</div>  <div>Lite tekst og masse spreke tegninger!&#160;</div>  <div>&#160;</div>  <div>  <p><strong>Anna Fiske</strong>&#160;(født 1964&#160;i&#160;Ängelholm&#160;i&#160;Sverige) er&#160;illustratør,&#160;tegneserieskaper&#160;og&#160;forfatter&#160;bosatt og virksom i Norge.</p>  &#160;</div>    ",882
843,"  <div>Tre konditorer konkurrerer om å bake den beste kaken til Muhammed Karats femtiårsfest.</div>  <div> Men konditorene oppfører seg så rart. </div>  <div>Spesielt en av dem ...</div>  <div> Da&#160;lyset slukkes og en diamant forsvinner,</div>  <div> skjønner Lasse og Maja at de har fått en&#160;ny sak!</div>  <div>&#160;</div>  <div>Lett språk og store bokstaver.</div>  <div>Mye dialog.</div>  <div>&#160;</div>  <div>  <p><strong>Karl Widmark</strong> (født 1961), er en&#160;svensk&#160;lærer&#160;og&#160;barnebokforfatter.</p>  &#160;</div>    ",883
844,"  <div>Denne boka gir deg en innføring i Nordmarkas spennende flora og fauna.</div>  <div>Du kan lese om klima, geologi og Nordmarkas vannveier. </div>  <div>Og du blir kjent med dyrene som lever&#160;<em>over</em>&#160;jorda,&#160;<em>på</em>&#160;jorda, og&#160;<em>i</em>&#160;vannet.</div>  <div>&#160;</div>  <div>For å bli godt kjent med Nordmarka, trenger du oversiktlige kart. </div>  <div>Det finner du flere steder i boka: Både over turstiene og alle de ulike vannene. </div>  <div>Skal du ut og gå på ski eller på beina, finnes det svært mange oppmerkede stier.</div>  <div>&#160;</div>  <div>Boka er delt inn i 18 små og store kapitler, </div>  <div>og alle kapitlene inneholder mange bilder og tegninger med forklaring. </div>  <div>Bakerst i boka er det et register du kan slå opp i. </div>  <div>Innimellom finner du faktabokser med interessante fakta, </div>  <div>som for eksempel hvordan humla spiller en vesentlig rolle for at vi skal kunne plukke blåbær utpå sommeren.</div>  <div>&#160;</div>  <div>Leif Ryvarden er utdannet sivilingeniør i kjemi og har tidligere gitt ut flere bøker, blant annet:</div>  <div><em>Seiland og Varangerhalvøya</em> (2009) og <em>Norges nasjonalparker</em> (2011).&#160;</div>  <div>&#160;</div>  <div><br />  </div>  ",884
845," <!--StartFragment-->  <div class=""MsoNormal"">Det var i en alder av 27 at Thor Lundh satset det han hadde for å starte utvinning av larvikitt. </div>  <div class=""MsoNormal"">Det kunne gått riktig galt. Det gjorde det ikke.</div>  <div>&#160;</div>  <div>Denne boka gir deg et innblikk i hvordan Lundhs AS har blitt en av Norges største eksportbedrifter. </div>  <div>Det er ikke bare hardt arbeid og faglig dyktighet som står bak suksessen, men også en real porsjon flaks.</div>  <div>&#160;</div>  <div>Gjennom boka blir du kjent med Thor Lundhs historie gjennom bilder og tekst </div>  <div>– både hans personlige&#160;<em>og</em>&#160;hans bedriftshistorie.</div>  <div>&#160;</div>  <div>Bakerst i boka er det en kort oppsummering på engelsk.&#160;</div>  <div>&#160;</div>  <div>Tom Lotherington (f. 1950) er fagbokforfatter, skjønnlitterær forfatter og skjønnlitterær oversetter.&#160;Av fagbøker har han tidligere utgitt&#160;<em>Wildenwey – et dikterliv</em>&#160;(1993) og&#160;<em>Med solen ytterst i nebbet. En bok om Harald Sverdrup</em>&#160;(1998)</div>  <div>&#160;</div>&#160;  <p class=""MsoNormal""><span style=""font-family: Times;"">  <o:p>&#160;</o:p></span></p>  <p class=""MsoNormal""><span style=""font-family: Times;"">  <o:p>&#160;</o:p></span></p> <!--EndFragment-->  ",885
846,"    <!--StartFragment-->  <div class=""MsoNormal"">En liten gutt stirrer ut i  ingenting. </div>  <div class=""MsoNormal"">Et ingenting som senere viser seg å være et bål fullt av døde  mennesker. </div>  <div class=""MsoNormal"">En død baby som blir kastet på det samme bålet.</div>  <div>  <div>&#160;</div> En kvinne liggende på  bakken. </div>  <div>Under henne et barn. </div>  <div>Man kan ikke beskytte noen mot en atombombe. </div>  <div>Begge  er døde.  <div>&#160;</div> Den 6. august 1945 var  første gang i verdenshistorien at en atombombe brukes mot et sivilt mål. </div>  <div>Man  visste lite om hvilken skade den kunne gjøre. </div>  <div>Man visste ingenting om  langtidsvirkningene.  <div>&#160;</div> Denne boka forteller noen av  de dødes historie gjennom bilder, </div>  <div>øyenvitner, journalister, forfattere og  historikere.  <div>&#160;</div> Anne Thelle (f. 1969) har en doktorgrad i japansk litteratur.</div>  <div>Hun debuterte&#160;i 2000 med <em>Japan - solens opprinnelse.</em>&#160;</div>  <div>Hun har skrevet flere bøker for barn og unge, blant annet fagbøker om Japan for ungdom.&#160;  <div>&#160;</div></div>  ",886
847," <!--StartFragment-->  <div>Er nynorsk det mest keisame du kan tenkja deg? </div>  <div>Trur du at nynorsk er  meir komplisert enn bokmål? </div>  <div>Ser du for deg at dei som har nynorsk som hovudmål  er slike som sit på ein knast langt oppe på eit fjell og bles i eit horn? </div>  <div>Då er  dette boka for deg. </div>  <div>&#160;</div>  <div>I <em>Nynorsk for dumskallar</em> kan du mellom anna lesa om nynorske  kjendisord, </div>  <div>om substantivsjuka og om spynorsk mordliste. </div>  <div>Du får ei enkel  innføring i korleis du bøyer ulike nynorske ord, </div>  <div>og kva dei eigentleg heiter,  alle desse rare orda. </div>  <div>Truleg går det opp for deg at dei jamvel ikkje er så  rare!</div>  <div>&#160;</div>  <div>Boka er delt inn i seks kapittel, </div>  <div>og bak i boka kan du testa deg sjølv  med ulike grammatikkoppgåver.</div>  <div>&#160;</div>  <div>Kristin Fridtun (f. 1987) er språkspaltist i Dag og Tid, </div>  <div>og har  tidlegare gjeve ut boka <em>Norsk etymologisk oppkok </em>(2012).</div> <!--EndFragment-->  ",887
848,"    <!--StartFragment-->  <div>Dette er bakeboka for den som vil ta steget fra den tradisjonelle  bløtkaka eller sjokoladekaka, </div>  <div>og opp til avansert kakenivå. </div>  <div>Boka inneholder  oppskrifter som steg for steg forklarer hvordan du kan lykkes med å bake alt  fra en morsom Ole-Brummkake eller en skremmende sjørøverkake, </div>  <div>til en  sjarmerende marihønekake eller en vakker prinsessekake.</div>  <div>&#160;</div>  <div>Du finner også oppskrifter på flotte kaker for den eldre garde,  </div>  <div>som sacherkake og schönbrunnkake. </div>  <div>&#160;</div>  <div>Problemet blir kanskje å spise kaka, </div>  <div>for hvem vil vel ødelegge  et kunstverk?</div>  <div>&#160;</div>  <div>Å lage slike kaker er ikke gjort på et øyeblikk, </div>  <div>og rett utstyr  er viktig for å få resultatet slik man vil. </div>  <div>Jensen tipser deg om butikker og  nettbutikker hvor du kan få tak i det du trenger.</div>  <div>&#160;</div>  <div>For de som vil gjøre det enkelt, men likevel godt, finnes det også  en is-oppskrift! </div>  <div>Det eneste du trenger av utstyr er ei brødform.</div>  <div>&#160;</div>  <div>Boka er delt inn i fire hovedkapitler: </div>  <div>Gode tips for vellykket  bakst, Grunnoppskrifter, Bursdagskaker og Temakaker.</div>  <div>&#160;</div>  <div>Janne Jensens store lidenskap og hobby er baking og kakedekorering. </div>  <div>Hun er lærer og driver bloggen Bursdagskaker.com.&#160;</div> <!--EndFragment-->  ",888
849,"  <div> <!--StartFragment-->  <div>Hvis ikke får du det etter å ha lest denne. </div>  <div>Burgerboka er en  fristende oppskriftsbok med mange bilder og enkle oppskrifter.&#160;Kokkene Terje  Haakstad og Panos Konstantinidis har en enkel filosofi:&#160;Kjøttet skal være av  god kvalitet,&#160;og skal ikke smakstilsettes.&#160;</div>  <div>Kjøttet skal snakke for seg sjøl, og  tilbehøret skal komplementere kjøttet.&#160;Om du ikke spiser kjøtt, kan du også  finne en vegetarburgeroppskrift.</div>  <div>&#160;</div>  <div>Etter å ha laget en av dine favorittburgere, </div>  <div>kan du lese litt om  hamburgerens inntog i den vestlige verden,&#160;og hvordan Døgnvill ble til.</div>  <div>&#160;</div>  <div>Hvis du ikke gidder å lage maten sjøl, </div>  <div>kan du stikke til restauranten&#160;<em>Døgnvill Bar og Burger</em> ved Mathallen i Oslo.&#160;</div></div>  <div>&#160;</div>  <div>Panos Konstantinidis er restaurantens kjøkkensjef, </div>  <div>og&#160;Terje Haakstad er daglig leder.  <div>&#160;</div>  <div>&#160;</div>  <div>&#160;</div> <!--EndFragment--></div>  ",889
850,"  <div>De første  kapitlene i denne boka gir deg en rask,</div>  <div>  <div>men god innføring  i det du trenger å vite om 5:2-dietten. </div>  <div>Resten av boka  består av oppskrifter på frokostmåltider og middager.&#160;Du kan finne  både enkle og litt mer tidkrevende oppskrifter.</div>  <div>&#160;</div>  <div>Bak i boka er  det noen eksempler på hvordan du kan sette sammen måltidene dine under  fastedagene.</div>  <div>Helt bakerst er  det en oversikt over oppskrifter etter kaloriinnhold.&#160;Det er i tillegg et  alfabetisk register over oppskriftene.</div>  <div>&#160;</div> <!--EndFragment-->Michael Mosley er mannen bak 5:2-konseptet.</div>  <div>Mosley har skrevet introduksjonen til denne kokeboken.</div>  <div>Miriam Spencer&#160;er en anerkjent mat- og moteskribent,</div>  <div> og har&#160;sammen med Dr. Sarah Schenker&#160;har utviklet oppskriftene i boka.</div>  <div>&#160;</div>  ",890
851," <!--StartFragment-->  <div>Forfatteren av  denne diktsamlingen fikk diagnosen Multippel Sklerose da hun var 38 år. </div>  <div>Hun ble raskt  bundet til rullestol, </div>  <div>og gjennom  skrivingen opplevde hun en ny måte å uttrykke seg på. </div>  <div>&#160;</div>  <div>I diktsamlingen  kan vi lese Hanne Langeland Brunes egne minner fra en lykkelig barndom,  </div>  <div>naturopplevelser, familiens varme, sykdommens vansker, </div>  <div>og vi kan også  lese betraktninger av det som foregår rundt henne i hverdagen,&#160;ofte med en  kristen undertone.</div>  <div>&#160;</div>  <div>Diktene er korte  og har en enkel struktur. </div>  <div>&#160;</div>  <div>Hanne Langeland  Brune (f. 1952) er opprinnelig fra Telemark og utdannet adjunkt. </div>  <div><em>Betroelser</em> er  hennes første bok.</div>  <div>&#160;</div> <!--EndFragment-->  ",891
852," <!--StartFragment-->  <div>Dette er boka  for den som elsker biler og for den som har lyst til å se hva som skjuler seg i  diverse garasjer, </div>  <div>verksteder, låver og stuer rundt om i Norge. </div>  <div>Du får møte  eierne, bilene og historiene bak. </div>  <div>&#160;</div>  <div>Boka har mange  bilder, og en del små faktabokser. </div>  <div>Teksten i boka  er stort sett basert på eiernes egne fortellinger om hvordan og hvorfor de er i  besittelse av nettopp den eller de bilene de eier.</div>  <div>&#160;</div>  <div>Blant bilene kan  du lese om Europas fineste Volvo – en 164E fra 1972,&#160;en Rat rod av  verste (eller beste) sort; </div>  <div>en Volvo PV fra 1962,&#160;du kan lese om  Mercedes, Morgan, A-Ford, T-Ford, Buick,&#160;Ford Mustang,  Plymouth Cuda, Pontiac Starchief, og mange, mange flere.&#160;</div>  <div>&#160;</div>  <div> <!--StartFragment-->  <div>Eskil Roll er  utdannet fotograf,</div>  <div>og har vært  interessert i gamle biler så lenge han kan huske. </div>  <div>Gunn M. Roll er  forfatter og grafisk designer. </div>  <div>Sammen driver de  byrået Roll &amp; Company.</div> <!--EndFragment-->&#160;</div> <!--EndFragment-->  ",892
853," <!--StartFragment-->  <div>Da er dette boka  for deg. </div>  <div>Den gir deg en grunnleggende  innføring i hvordan du kan bli en bedre fotballspiller, </div>  <div>og tar for seg  steg for steg hvordan du kan klare det. </div>  <div>Den tar blant  annet for seg teknikk, ballkontroll og teori. </div>  <div>Men fotball er  mye mer enn det; </div>  <div>her vil du også  kunne lese om koordinasjon, balanse, rytme,&#160;kontroll,  kreativitet, samhold, samarbeid, </div>  <div>forventninger,&#160;kommunikasjon og  det å ta ansvar.</div>  <div>&#160;</div>  <div>For å bli en god  fotballspiller må du spille masse fotball, </div>  <div>men den mentale  treningen er også viktig. </div>  <div>Johann Cryuff  har sagt at ”fotball er en sport man spiller med hjernen”.</div>  <div>&#160;</div>  <div>Du vil møte på  en del faguttrykk/fotballutrykk i denne boka. </div>  <div>&#160;</div>  <div>Viggo Strømme er  tidligere fotballspiller i Start, Vålerenga og Lyn,&#160;og er nå  sportssjef for fotballavdelingen</div>  <div> på Norges Toppidrettsgymnas i Bærum.</div>  <div>Han har  tidligere skrevet boka <em>Best med ball</em>  (2008) sammen med Erik Mykland og Kristofer Hæstad.</div>  <div>&#160;</div> <!--EndFragment-->  ",893
854," <!--StartFragment-->  <div>Forfattar Henning Rivedal og fotograf Leiv Bergum tek oss med på ei  reise frå Selja på Stad til Stalheim mot Jordalsnuten.</div>  <div>&#160;</div>  <div>Her møter du både det nære og det fjerne, </div>  <div>foto teke i fugleperspektiv og nær sagt froskeperspektiv. </div>  <div>Du får mellom anna sjå fjell, fossar og fjordar, </div>  <div>enorme vinterlandskap, håpefulle vårlandskap, </div>  <div>varme sumarlandskap og fargesprakande haustlandskap. </div>  <div>Du får ein liten kikk inn i naturens villskap og venleik.</div>  <div>Alt akkompagnert med dikt eller små historiske eller geologiske anekdotar.</div>  <div>&#160;</div>  <div>&#160;Leiv Bergum har dokumentert naturen sida 1963,</div>  <div>og resultatet av det er over ti millionar selde prospektkort. </div>  <div>Som 85-åring tek han fortsatt bilete av den vakre naturen han kjem  over.</div>  <div>&#160;</div>  <div>Henning Rivedal har tidlegare utgjeve boka <em>Sogndal: Portrett av ein tettstad</em> (2007) og <em>Gamalost</em> (2011).</div>  <div>&#160;</div>  <div><br />  </div> <!--EndFragment-->  ",894
855," <!--StartFragment-->  <div>Oppskrifter på  hjemmelaget og gratis pynt, </div>  <div>inspirerende  bilder og tips til gaver i adventskalenderen er blant noe av det denne boka gir  deg. </div>  <div>Du kan for  eksempel lære hvordan du lager kule dorullnisser,&#160;stjerner i never  og pepperkakekjærlighet </div>  <div>på pinne.&#160;Imens du holder  på å lage noe av dette,</div>  <div>kan du få noen  andre til å lese Alf Prøysens historie om bygda som glømte at det var jul, </div>  <div>som står på side  34. </div>  <div>&#160;</div>  <div>Hvis du har lyst  til å bruke tid på andre ting enn å bake, </div>  <div>kan du lage det  som i boka kalles ”Latterlig enkel fruktkake”.</div>  <div>&#160;</div>  <div>En koselig puslebok med enkle oppskrifter og stemningsfulle bilder.&#160;</div>  <div>&#160;</div>  <div>May B. Langhelle har også utgitt hobbybøkene <em>Myk start. Strikk til babyen</em>&#160;(2014),</div>  <div> og <em>Sikksakk. Sy barneklær av brukte voksenklær</em>&#160;(2014)</div>  <div><br />  </div>  <div>Heidi Bjørnsdotter Thorvik er designer, samt faglærer i kunst og håndverk.</div> <!--EndFragment-->  ",895
856," <!--StartFragment-->  <div>Aller først i <em>Helt enkelt</em> står det listet opp ulike  råvarer, </div>  <div>krydder og  redskaper som er greie å ha på kjøkkenet. </div>  <div>Så får du vite  litt om hva du kan og ikke kan fryse, </div>  <div>hvordan du måler  opp væske og ulike matvarer, </div>  <div>hva som er greit  å vite når du først skal lage mat, </div>  <div>og hvordan du  tilbereder maten på ulike vis.</div>  <div>&#160;</div>  <div>Boka er delt opp  i kategorier:</div>  <div>Grønnsaker,  poteter, pasta, ris og couscous, </div>  <div>bønner, linser  og erter, fisk, kylling, kjøtt, </div>  <div>kraft og saus,  frukt og bær, gjærbakst, desserter og kaker.</div>  <div>&#160;</div>  <div>Helt bakerst i  boka finner du et alfabetisk stikkordregister.</div>  <div>&#160;</div>  <div>Ingrid Espelid  Hovig (f. 1924) er norsk programleder og forfatter.&#160;Hun har tidligere gitt ut blant annet </div>  <div><em>Ingrids matminner</em> (2007),&#160;<em>Ingrid og Eyvinds livretter</em> (2010) og&#160;<em>Ingrid ber til julefest </em>(2013).</div>  <div>&#160;</div>  <div>Paul Løwe er matstylist og redaktør i nettmagasinet Sweet Paul.&#160;Han har tidligere gitt ut blant annet&#160;</div>  <div><em>Økologisk mat: ekte og enkelt </em>(2006)&#160;og <em>BBQ. Lekende lett </em>(2012).&#160;</div>  <div>&#160;</div> <!--EndFragment-->  ",896
857," <!--StartFragment-->  <div>Denne boka er en  godtepose med fristende og enkle oppskrifter,&#160;men den er også  full av fantastiske natur- og stemningsbilder:&#160;Vår egen norske natur  utgjør kulissene.</div>  <div>Bildene av  matrettene er like vakre som naturen, </div>  <div>og det er nesten  så man kan kjenne duftene av maten gjennom boksidene. </div>  <div>&#160;</div>  <div>For den som  ønsker å tilberede mer viltkjøtt, er denne boka en fin inspirasjon.&#160; </div>  <div>&#160;</div>  <div>Hver oppskrift  har en punktvis ingrediensliste, </div>  <div>og  framgangsmåten er enkel å følge. </div>  <div>I forordet  oppfordrer Charlotte Mohn Gaustad til ikke å henge deg opp i det om du ikke har  alt som står i ingredienslisten&#160;– kanskje du kan  bytte det ut med noe annet.&#160;Det er bare å  prøve seg fram.</div>  <div>&#160;</div>  <div>Charlotte Mohn  Gaustad er kokk og har tidligere utgitt boka <em>Med natur på menyen</em> (2007).</div> <!--EndFragment-->  ",897
858," <!--StartFragment-->  <div>Hun skal  egentlig reise videre,&#160;planen er å  reise jorda rundt.&#160;Men etter et  møte med en barneskoles rektor,</div>  <div> får hun vite at tre av fire av alle elevene  kommer på skolen uten mat i magen,&#160;og er der hele  dagen uten å spise.&#160;</div>  <div>Anne Louise  bestemmer seg for å bli,&#160;og dette er starten på bistandsorganisasjonen Aid in  Action.</div>  <div>&#160;</div>  <div>Boka er delt inn  i seks kapitler. </div>  <div>De fem første  handler om årene 2008-2013; </div>  <div>de første årene  av bistandsprosjektet. </div>  <div>Det siste  kapitelet er Anne Louise Hüberts egne betraktninger og erfaringer i etterkant  av prosjektet, </div>  <div>samt tanker om  videre arbeid med bistand.</div>  <div>&#160;</div>  <div>Det er en del  detaljerte beskrivelser i boka, </div>  <div>men korte  underkapitler.</div>  <div>Det er en fordel  å kunne litt engelsk,</div>  <div>for noen av  dialogene er skrevet delvis på engelsk.</div>  <div>&#160;</div>  <div>Anne Louise  Hübert (f. 1989) driver bistandsorganisasjonen Aid in Action og studerer  medisin. </div>  <div><em>Papayaene i Gombolo</em> er  hennes første bok.</div> <!--EndFragment-->  ",898
859," <!--StartFragment-->  <div>Kenneth Sivertsen døydde i 2006. </div>  <div>Då hadde livet hans vore prega av oppturar og nedturar i fleire tiår:&#160;I musikken, på showscena, i kjærleiken, i familien, i rusen.</div>  <div>&#160;</div>  <div>Allereie då han var seksten år gamal drog han til Voss folkehøgskule for  å gå på musikklinja der. </div>  <div>Der blei han sett på som eksepsjonelt musikalsk, </div>  <div>men også kjenslevar og glad.</div>  <div>&#160;</div>  <div>Her byrja også hans komiske talent å kome til syne:</div>  <div>Han kunne saman med venen Eivind Løberg finne på å starte spontane  kammerspel eller diktdeklamasjonar. </div>  <div>Det kunne gå over i balletoppvisningar, </div>  <div>countryduettar eller mannskorparodiar.</div>  <div>Noko av det beste Sivertsen visste var å gjere andre glade.</div>  <div>&#160;</div>  <div>I åra framover ga han ut fleire album, </div>  <div>og i 1992 møtte han Herborg Kråkevik. </div>  <div>Det var byrjinga på ei stormfull kjærleikshistorie, </div>  <div>men også ei suksessrik reise i kabaretens verden. </div>  <div>Jamvel var sceneskrekken var stor, </div>  <div>og i takt med suksessen voks også Kenneths forbruk av alkohol og  piller.</div>  <div>&#160;</div>  <div>Katrine Sele (f. 1972) arbeider som kommunikasjonsrådgjevar på  Høgskulen i Sogn og Fjordane. Hu har tidlegare gjeve ut boka <em>Herifrå</em> (2006) og boka om kunstnaren  Oddvar Torsheim.&#160;</div> <!--EndFragment-->  ",899
860,"  <div>Thor Solberg (1893-1967) var den fyrste nordmannen som kryssa Atlanterhavet.&#160;</div>  <div><br />  </div>  <div>Han greidde det fyrst i 1935, etter 25 naudlandingar berre i Amerika.  Han heldt òg på å miste livet under eit krasj i Hardanger,&#160;men hadde flaks og overlevde.</div>  <div>&#160;</div>  <div>Thor Solberg var oppteke av flyging heilt frå han var unggut, og etter  at første verdskrigen var over,&#160;</div>  <div>drog han til Berlin for å ta flysertifikat – i Noreg var det berre dei  militære som fekk lære å fly.  <div>&#160;</div></div>  <div>I tida etter flytimane i Berlin tenkte Solberg meir og meir på om det  var mogleg å fly til USA via Island, Grønland og New-Foundland.&#160;Tilfeldigvis møtte han på Roald Amundsen,&#160;og han rådde Thor å fly andre  vegen:</div>  <div>Det skulle vere enklare å få tak i både fly og økonomisk støtte i  Amerika.</div>  <div>&#160;</div>  <div>Etter dette byrja førebuingane av Atlanterhavsflyginga for alvor.  </div>  <div>  <div>&#160;</div>  <div>Du finn nokre framandord i teksten, men boka er lettfatteleg bygd opp:&#160;Frå oppvekst og ungdomstid, </div>  <div>til flygarinteressa og alle forsøka.&#160;Mot slutten av boka kan vi lese om korleis Thor freista å etablere flyselskap og flygarskule i Noreg.</div>  <div>&#160;</div>  <div>Dag H. Nestegard (f. 1968) er tidlegare reporter i Dagsrevyen. Frå 2010 har han vore redaktør i fagbladet Bok og samfunn. <em>Atlanterhavsflygaren Thor Solberg - ei røvarhistorie</em>&#160;er hans fyrste bok.</div> <!--EndFragment--><br />  </div>  ",900
861," <!--StartFragment-->  <div>Lise Männikö har  her skrevet en slags biografi om Lucy Maud Montgomery (kalt bare Maud), </div>  <div>og hva hun har  betydd for henne som forfatter. </div>  <div>Vi kan lese om  Mauds liv fra hun ble født til hun døde, </div>  <div>og veien fram  til det som var viktigst av alt: Skrivingen. </div>  <div>Hele boka er  fortalt fra en ung jentes perspektiv, og den unge jenta er Lise Männikö selv. </div>  <div>&#160;</div>  <div>Vi kan  innimellom lese hennes egne dagboknotater og betraktninger.&#160;De handler både  om skriving og om Lucy Maud Montgomery,&#160;og hvordan den unge Lise Männikö på  mange vis følte seg litt som Maud.&#160;Disse  betraktningene står i kursiv.</div>  <div>&#160;</div>  <div>Språket er  muntlig og stort sett lett å følge. Du kan likevel komme over noen kompliserte  vendinger innimellom.</div>  <div>&#160;</div>  <div>Lise Männikö (f. 1950) er også lærer og forfatter. Hun har blant annet utgitt bøkene <em>Skriften i mørket</em> (2009) og<em> Den gangen vi fanget en bengel</em> (2005).</div> <!--EndFragment-->  ",901
862,"  <div>Skumringsbøkene er et lettlest alternativ for ungdom.</div>  <div>Fortellingene er intense, handlingsorienterte og korte.&#160;</div>  <div>&#160;</div>  <div>Tor Arve Røssland har også skrevet thrilleren Gamer i Skumring-serien.&#160;</div>  ",902
863,"  <div>Dette er en bok både for mennesker med utviklingshemning og deres venner og hjelpere i skole, bolig, fritid, dagsenter og arbeid. </div>  <div>Boken kan leses alene, eller sammen med andre for å snakke sammen om det forfatterne skriver om. </div>  <div>Målet er å motivere til å investere i vennskap som varer.&#160;</div>  <div>&#160;</div>  <div>Toril Heia er født med Downs syndrom, og deler i boken sine tanker</div>  <div>om vennskap, kjærlighet og hva som er viktig i livet.&#160;</div>  ",903
864,"  <div>Barndom og yngre år kan stå sterkere i minnet til en person med demens enn det som skjedde i går.</div>  <div> For noen står døren til fortida fortsatt på gløtt, </div>  <div>andre trenger hjelp til å erindre det de har opplevd.</div>  <div>&#160;</div>  <div>Med årstidsrelaterte bilder og tekster vil illustratør og forfatter Hilde Kramer stimulere sansene til personer med demens,</div>  <div> for slik å etablere en bro til den enkeltes livserfaringer.</div>  <div> Aktivisering av minner bidrar til gode øyeblikk i hverdagen, </div>  <div>både for personen med demens og den som leser med.</div>  <div> Det rike utvalget med bilder fra norsk kultur og forrige århundres historie gir et godt utgangspunkt for dialog.&#160;</div>  ",904